[{"model": "admin.logentry", "pk": 1, "fields": {"action_time": "2019-04-27T01:22:41.366Z", "user": 1, "content_type": 12, "object_id": "1", "object_repr": "Saber a lista de funcion\u00e1rios de Home Office", "action_flag": 1, "change_message": "[{\"added\": {}}, {\"added\": {\"name\": \"elocution\", \"object\": \"Que est\\u00e1 de home office em :data:\"}}, {\"added\": {\"name\": \"elocution\", \"object\": \"Trabalho remoto em :data:\"}}, {\"added\": {\"name\": \"elocution\", \"object\": \"Me informe a lista de quem est\\u00e1 de trabalho remoto na data :data:\"}}, {\"added\": {\"name\": \"elocution\", \"object\": \"Quero saber a lista de homeoffice em :data:\"}}, {\"added\": {\"name\": \"elocution\", \"object\": \"homeoffice em :data:\"}}, {\"added\": {\"name\": \"elocution\", \"object\": \"homeoffice na :data:\"}}]"}}, {"model": "admin.logentry", "pk": 2, "fields": {"action_time": "2019-04-27T01:23:29.981Z", "user": 1, "content_type": 12, "object_id": "2", "object_repr": "Perguntar o dia da semana", "action_flag": 1, "change_message": "[{\"added\": {}}, {\"added\": {\"name\": \"elocution\", \"object\": \"Que dia da semana \\u00e9 hoje?\"}}, {\"added\": {\"name\": \"elocution\", \"object\": \"Sabe o dia da semana?\"}}, {\"added\": {\"name\": \"elocution\", \"object\": \"Qual \\u00e9 o dia da semana?\"}}, {\"added\": {\"name\": \"elocution\", \"object\": \"Me informe o dia da semana\"}}]"}}, {"model": "admin.logentry", "pk": 3, "fields": {"action_time": "2019-04-27T01:23:33.253Z", "user": 1, "content_type": 12, "object_id": "2", "object_repr": "Perguntar o dia da semana", "action_flag": 2, "change_message": "[]"}}, {"model": "admin.logentry", "pk": 4, "fields": {"action_time": "2019-04-27T01:31:09.916Z", "user": 1, "content_type": 12, "object_id": "3", "object_repr": "Perguntar sobre as condi\u00e7\u00f5es do tempo", "action_flag": 1, "change_message": "[{\"added\": {}}, {\"added\": {\"name\": \"elocution\", \"object\": \"Quais as condi\\u00e7\\u00f5es do tempo?\"}}, {\"added\": {\"name\": \"elocution\", \"object\": \"Como est\\u00e1 o tempo?\"}}, {\"added\": {\"name\": \"elocution\", \"object\": \"Sabe sobre o clima?\"}}, {\"added\": {\"name\": \"elocution\", \"object\": \"Como est\\u00e1 o clima?\"}}, {\"added\": {\"name\": \"elocution\", \"object\": \"Est\\u00e1 sol hoje?\"}}, {\"added\": {\"name\": \"elocution\", \"object\": \"Est\\u00e1 chuvendo?\"}}, {\"added\": {\"name\": \"elocution\", \"object\": \"O tempo est\\u00e1 chuvoso?\"}}]"}}, {"model": "admin.logentry", "pk": 5, "fields": {"action_time": "2019-04-27T01:32:13.974Z", "user": 1, "content_type": 12, "object_id": "4", "object_repr": "Perguntar qual dia \u00e9 hoje", "action_flag": 1, "change_message": "[{\"added\": {}}, {\"added\": {\"name\": \"elocution\", \"object\": \"Que dia \\u00e9 hoje?\"}}, {\"added\": {\"name\": \"elocution\", \"object\": \"Hoje \\u00e9 que dia do m\\u00eas?\"}}, {\"added\": {\"name\": \"elocution\", \"object\": \"Qual \\u00e9 a data de hoje?\"}}, {\"added\": {\"name\": \"elocution\", \"object\": \"Que data \\u00e9 hoje?\"}}]"}}, {"model": "admin.logentry", "pk": 6, "fields": {"action_time": "2019-04-27T01:33:36.217Z", "user": 1, "content_type": 12, "object_id": "5", "object_repr": "Perguntar as horas", "action_flag": 1, "change_message": "[{\"added\": {}}, {\"added\": {\"name\": \"elocution\", \"object\": \"Que horas s\\u00e3o?\"}}, {\"added\": {\"name\": \"elocution\", \"object\": \"Voc\\u00ea sabe das horas?\"}}, {\"added\": {\"name\": \"elocution\", \"object\": \"Sabe me informar as horas?\"}}]"}}, {"model": "admin.logentry", "pk": 7, "fields": {"action_time": "2019-04-27T01:37:00.575Z", "user": 1, "content_type": 12, "object_id": "6", "object_repr": "Sacanear", "action_flag": 1, "change_message": "[{\"added\": {}}, {\"added\": {\"name\": \"elocution\", \"object\": \"Quer casar comigo?\"}}, {\"added\": {\"name\": \"elocution\", \"object\": \"Casa comigo?\"}}, {\"added\": {\"name\": \"elocution\", \"object\": \"Vamos nos casar?\"}}, {\"added\": {\"name\": \"elocution\", \"object\": \"Vamos fazer sexo?\"}}, {\"added\": {\"name\": \"elocution\", \"object\": \"Quer transar?\"}}, {\"added\": {\"name\": \"elocution\", \"object\": \"E sexo que tal?\"}}, {\"added\": {\"name\": \"elocution\", \"object\": \"Podemos fazer sexo?\"}}, {\"added\": {\"name\": \"elocution\", \"object\": \"Vamos para um rala e rola?\"}}, {\"added\": {\"name\": \"elocution\", \"object\": \"Estou com tes\\u00e3o.\"}}, {\"added\": {\"name\": \"elocution\", \"object\": \"Quer ser minha esposa?\"}}, {\"added\": {\"name\": \"elocution\", \"object\": \"Quer ser minha companheira?\"}}, {\"added\": {\"name\": \"elocution\", \"object\": \"Quer ser minha namorada?\"}}, {\"added\": {\"name\": \"elocution\", \"object\": \"Quer ficar comigo?\"}}, {\"added\": {\"name\": \"elocution\", \"object\": \"Vamos num motel?\"}}, {\"added\": {\"name\": \"elocution\", \"object\": \"Quer sair comigo?\"}}, {\"added\": {\"name\": \"elocution\", \"object\": \"Um motel, que tal?\"}}]"}}, {"model": "admin.logentry", "pk": 8, "fields": {"action_time": "2019-04-27T01:37:58.451Z", "user": 1, "content_type": 12, "object_id": "7", "object_repr": "Saber sobre a idade", "action_flag": 1, "change_message": "[{\"added\": {}}, {\"added\": {\"name\": \"elocution\", \"object\": \"Quantos anos voc\\u00ea tem?\"}}, {\"added\": {\"name\": \"elocution\", \"object\": \"Qual \\u00e9 a sua idade?\"}}, {\"added\": {\"name\": \"elocution\", \"object\": \"Quando voc\\u00ea nasceu?\"}}]"}}, {"model": "admin.logentry", "pk": 9, "fields": {"action_time": "2019-04-27T01:40:11.956Z", "user": 1, "content_type": 12, "object_id": "8", "object_repr": "Xingar", "action_flag": 1, "change_message": "[{\"added\": {}}, {\"added\": {\"name\": \"elocution\", \"object\": \"porra\"}}, {\"added\": {\"name\": \"elocution\", \"object\": \"caralho\"}}, {\"added\": {\"name\": \"elocution\", \"object\": \"filho da puta!\"}}, {\"added\": {\"name\": \"elocution\", \"object\": \"seu merda\"}}, {\"added\": {\"name\": \"elocution\", \"object\": \"viado!\"}}, {\"added\": {\"name\": \"elocution\", \"object\": \"sua piranha\"}}, {\"added\": {\"name\": \"elocution\", \"object\": \"filha da m\\u00e3e!!!\"}}, {\"added\": {\"name\": \"elocution\", \"object\": \"Vai tomar no seu cu!\"}}, {\"added\": {\"name\": \"elocution\", \"object\": \"Vai se fuder!\"}}, {\"added\": {\"name\": \"elocution\", \"object\": \"Enfia isso no rabo!\"}}, {\"added\": {\"name\": \"elocution\", \"object\": \"Sua fdp!\"}}, {\"added\": {\"name\": \"elocution\", \"object\": \"toma no cu\"}}, {\"added\": {\"name\": \"elocution\", \"object\": \"Vaca\"}}, {\"added\": {\"name\": \"elocution\", \"object\": \"vadia\"}}, {\"added\": {\"name\": \"elocution\", \"object\": \"vagabunda\"}}]"}}, {"model": "admin.logentry", "pk": 10, "fields": {"action_time": "2019-04-27T01:43:11.273Z", "user": 1, "content_type": 12, "object_id": "9", "object_repr": "Afirma\u00e7\u00e3o de entendimento", "action_flag": 1, "change_message": "[{\"added\": {}}, {\"added\": {\"name\": \"elocution\", \"object\": \"Entendi\"}}, {\"added\": {\"name\": \"elocution\", \"object\": \"\\u00c9 claro\"}}, {\"added\": {\"name\": \"elocution\", \"object\": \"Agora eu entendi\"}}, {\"added\": {\"name\": \"elocution\", \"object\": \"Entendido\"}}, {\"added\": {\"name\": \"elocution\", \"object\": \"Compreendi\"}}, {\"added\": {\"name\": \"elocution\", \"object\": \"Tudo bem ent\\u00e3o\"}}, {\"added\": {\"name\": \"elocution\", \"object\": \"Sim\"}}, {\"added\": {\"name\": \"elocution\", \"object\": \"Que seja\"}}]"}}, {"model": "admin.logentry", "pk": 11, "fields": {"action_time": "2019-04-27T01:44:48.664Z", "user": 1, "content_type": 12, "object_id": "10", "object_repr": "Pedir por ajuda", "action_flag": 1, "change_message": "[{\"added\": {}}, {\"added\": {\"name\": \"elocution\", \"object\": \"Voc\\u00ea pode me ajudar?\"}}, {\"added\": {\"name\": \"elocution\", \"object\": \"Voc\\u00ea poderia me ajudar com uma coisa?\"}}, {\"added\": {\"name\": \"elocution\", \"object\": \"Preciso muito da sua ajuda.\"}}, {\"added\": {\"name\": \"elocution\", \"object\": \"Preciso que voc\\u00ea me ajude.\"}}, {\"added\": {\"name\": \"elocution\", \"object\": \"Acha que consegue me ajudar?\"}}, {\"added\": {\"name\": \"elocution\", \"object\": \"Me ajuda?\"}}, {\"added\": {\"name\": \"elocution\", \"object\": \"Preciso de um favor.\"}}]"}}, {"model": "admin.logentry", "pk": 12, "fields": {"action_time": "2019-04-27T01:46:29.477Z", "user": 1, "content_type": 12, "object_id": "11", "object_repr": "Fazer elogio", "action_flag": 1, "change_message": "[{\"added\": {}}, {\"added\": {\"name\": \"elocution\", \"object\": \"Voc\\u00ea \\u00e9 demais!\"}}, {\"added\": {\"name\": \"elocution\", \"object\": \"Voc\\u00ea \\u00e9 foda.\"}}, {\"added\": {\"name\": \"elocution\", \"object\": \"Voc\\u00ea \\u00e9 muito fofa.\"}}, {\"added\": {\"name\": \"elocution\", \"object\": \"Voc\\u00ea \\u00e9 incr\\u00edvel.\"}}, {\"added\": {\"name\": \"elocution\", \"object\": \"Voc\\u00ea \\u00e9 um espet\\u00e1culo!\"}}, {\"added\": {\"name\": \"elocution\", \"object\": \"Voc\\u00ea \\u00e9 muito legal\"}}]"}}, {"model": "admin.logentry", "pk": 13, "fields": {"action_time": "2019-04-27T01:47:50.042Z", "user": 1, "content_type": 12, "object_id": "12", "object_repr": "Saber sobre humor", "action_flag": 1, "change_message": "[{\"added\": {}}, {\"added\": {\"name\": \"elocution\", \"object\": \"Tudo bem?\"}}, {\"added\": {\"name\": \"elocution\", \"object\": \"Como vai?\"}}, {\"added\": {\"name\": \"elocution\", \"object\": \"Tudo certo?\"}}, {\"added\": {\"name\": \"elocution\", \"object\": \"Voc\\u00ea est\\u00e1 bem?\"}}, {\"added\": {\"name\": \"elocution\", \"object\": \"Tudo certinho?\"}}]"}}, {"model": "admin.logentry", "pk": 14, "fields": {"action_time": "2019-04-27T01:48:28.200Z", "user": 1, "content_type": 12, "object_id": "13", "object_repr": "Comentar sobre algo desconhecido", "action_flag": 1, "change_message": "[{\"added\": {}}]"}}, {"model": "admin.logentry", "pk": 15, "fields": {"action_time": "2019-04-27T01:49:59.870Z", "user": 1, "content_type": 12, "object_id": "14", "object_repr": "Agradecer", "action_flag": 1, "change_message": "[{\"added\": {}}, {\"added\": {\"name\": \"elocution\", \"object\": \"Obrigado\"}}, {\"added\": {\"name\": \"elocution\", \"object\": \"Voc\\u00ea me salvou\"}}, {\"added\": {\"name\": \"elocution\", \"object\": \"Voc\\u00ea salvou o meu dia\"}}, {\"added\": {\"name\": \"elocution\", \"object\": \"Voc\\u00ea salvou o dia\"}}, {\"added\": {\"name\": \"elocution\", \"object\": \"Obrigado mais um vez\"}}]"}}, {"model": "admin.logentry", "pk": 16, "fields": {"action_time": "2019-04-27T01:52:01.705Z", "user": 1, "content_type": 12, "object_id": "15", "object_repr": "Saber sobre o chatbot", "action_flag": 1, "change_message": "[{\"added\": {}}, {\"added\": {\"name\": \"elocution\", \"object\": \"O que \\u00e9 voc\\u00ea?\"}}, {\"added\": {\"name\": \"elocution\", \"object\": \"Do que voc\\u00ea \\u00e9 feito?\"}}, {\"added\": {\"name\": \"elocution\", \"object\": \"Qual tecnologia voc\\u00ea usa?\"}}, {\"added\": {\"name\": \"elocution\", \"object\": \"Voc\\u00ea \\u00e9 um rob\\u00f4?\"}}, {\"added\": {\"name\": \"elocution\", \"object\": \"Voc\\u00ea \\u00e9 um bot?\"}}, {\"added\": {\"name\": \"elocution\", \"object\": \"Voc\\u00ea \\u00e9 um chatbot?\"}}, {\"added\": {\"name\": \"elocution\", \"object\": \"Voc\\u00ea \\u00e9 um chat bot?\"}}, {\"added\": {\"name\": \"elocution\", \"object\": \"Me fale sobre voc\\u00ea\"}}, {\"added\": {\"name\": \"elocution\", \"object\": \"Conte-me sua hist\\u00f3ria\"}}, {\"added\": {\"name\": \"elocution\", \"object\": \"Quero saber sobre voc\\u00ea\"}}, {\"added\": {\"name\": \"elocution\", \"object\": \"Me fale mais sobre sua constru\\u00e7\\u00e3o\"}}, {\"added\": {\"name\": \"elocution\", \"object\": \"Me fale de voc\\u00ea\"}}, {\"added\": {\"name\": \"elocution\", \"object\": \"Me fale sobre voc\\u00ea\"}}]"}}, {"model": "admin.logentry", "pk": 17, "fields": {"action_time": "2019-04-27T01:53:18.811Z", "user": 1, "content_type": 12, "object_id": "16", "object_repr": "Saber nome do chatbot", "action_flag": 1, "change_message": "[{\"added\": {}}, {\"added\": {\"name\": \"elocution\", \"object\": \"Qual \\u00e9 o seu nome?\"}}, {\"added\": {\"name\": \"elocution\", \"object\": \"Como voc\\u00ea se chama?\"}}, {\"added\": {\"name\": \"elocution\", \"object\": \"Sua gra\\u00e7a \\u00e9?\"}}, {\"added\": {\"name\": \"elocution\", \"object\": \"Voc\\u00ea se chama como?\"}}, {\"added\": {\"name\": \"elocution\", \"object\": \"Desculpa, mas qual \\u00e9 o seu nome?\"}}, {\"added\": {\"name\": \"elocution\", \"object\": \"Qual \\u00e9 mesmo o seu nome?\"}}, {\"added\": {\"name\": \"elocution\", \"object\": \"Eu falo com quem mesmo?\"}}, {\"added\": {\"name\": \"elocution\", \"object\": \"Com quem eu falo?\"}}]"}}, {"model": "admin.logentry", "pk": 18, "fields": {"action_time": "2019-04-27T01:55:24.218Z", "user": 1, "content_type": 12, "object_id": "17", "object_repr": "Despedida", "action_flag": 1, "change_message": "[{\"added\": {}}, {\"added\": {\"name\": \"elocution\", \"object\": \"Tchau\"}}, {\"added\": {\"name\": \"elocution\", \"object\": \"Tchau tchau\"}}, {\"added\": {\"name\": \"elocution\", \"object\": \"At\\u00e9!\"}}, {\"added\": {\"name\": \"elocution\", \"object\": \"At\\u00e9 breve\"}}, {\"added\": {\"name\": \"elocution\", \"object\": \"At\\u00e9 outro dia\"}}, {\"added\": {\"name\": \"elocution\", \"object\": \"At\\u00e9 mais\"}}, {\"added\": {\"name\": \"elocution\", \"object\": \"Adeus\"}}, {\"added\": {\"name\": \"elocution\", \"object\": \"Valeu!\"}}]"}}, {"model": "admin.logentry", "pk": 19, "fields": {"action_time": "2019-04-27T01:56:18.941Z", "user": 1, "content_type": 12, "object_id": "18", "object_repr": "Sauda\u00e7\u00e3o", "action_flag": 1, "change_message": "[{\"added\": {}}, {\"added\": {\"name\": \"elocution\", \"object\": \"Oi\"}}, {\"added\": {\"name\": \"elocution\", \"object\": \"Ol\\u00e1\"}}, {\"added\": {\"name\": \"elocution\", \"object\": \"E a\\u00ed?\"}}, {\"added\": {\"name\": \"elocution\", \"object\": \"Fala a\\u00ed!\"}}]"}}, {"model": "admin.logentry", "pk": 20, "fields": {"action_time": "2019-04-27T01:57:33.694Z", "user": 1, "content_type": 12, "object_id": "7", "object_repr": "Saber sobre a idade do chatbot", "action_flag": 2, "change_message": "[{\"changed\": {\"fields\": [\"name\", \"tag\"]}}]"}}, {"model": "admin.logentry", "pk": 21, "fields": {"action_time": "2019-04-27T01:57:53.753Z", "user": 1, "content_type": 12, "object_id": "12", "object_repr": "Saber sobre humor do chatbot", "action_flag": 2, "change_message": "[{\"changed\": {\"fields\": [\"name\", \"tag\"]}}]"}}, {"model": "admin.logentry", "pk": 22, "fields": {"action_time": "2019-04-27T02:01:34.186Z", "user": 1, "content_type": 12, "object_id": "1", "object_repr": "Saber a lista de funcion\u00e1rios de Home Office", "action_flag": 2, "change_message": "[{\"changed\": {\"fields\": [\"tag\"]}}]"}}, {"model": "admin.logentry", "pk": 23, "fields": {"action_time": "2019-04-27T02:12:39.576Z", "user": 1, "content_type": 8, "object_id": "123", "object_repr": "Dizer quem est\u00e1 de Home Office", "action_flag": 1, "change_message": "[{\"added\": {}}]"}}, {"model": "admin.logentry", "pk": 24, "fields": {"action_time": "2019-04-27T02:13:07.171Z", "user": 1, "content_type": 11, "object_id": "1", "object_repr": "Dizer quem est\u00e1 de Home Office", "action_flag": 1, "change_message": "[{\"added\": {}}]"}}, {"model": "admin.logentry", "pk": 25, "fields": {"action_time": "2019-04-27T02:13:20.066Z", "user": 1, "content_type": 11, "object_id": "2", "object_repr": "Dizer quem est\u00e1 de Home Office", "action_flag": 1, "change_message": "[{\"added\": {}}]"}}, {"model": "admin.logentry", "pk": 26, "fields": {"action_time": "2019-04-27T02:14:31.202Z", "user": 1, "content_type": 8, "object_id": "6", "object_repr": "homeoffice na :data:", "action_flag": 3, "change_message": ""}}, {"model": "admin.logentry", "pk": 27, "fields": {"action_time": "2019-04-27T02:14:41.071Z", "user": 1, "content_type": 8, "object_id": "5", "object_repr": "homeoffice em :data:", "action_flag": 2, "change_message": "[{\"changed\": {\"fields\": [\"intent\"]}}]"}}, {"model": "admin.logentry", "pk": 28, "fields": {"action_time": "2019-04-27T02:15:17.995Z", "user": 1, "content_type": 8, "object_id": "124", "object_repr": "Informar o dia da semana", "action_flag": 1, "change_message": "[{\"added\": {}}]"}}, {"model": "admin.logentry", "pk": 29, "fields": {"action_time": "2019-04-27T02:15:33.406Z", "user": 1, "content_type": 8, "object_id": "125", "object_repr": "Informar o dia da semana", "action_flag": 1, "change_message": "[{\"added\": {}}]"}}, {"model": "admin.logentry", "pk": 30, "fields": {"action_time": "2019-04-27T02:15:51.407Z", "user": 1, "content_type": 11, "object_id": "2", "object_repr": "Informar o dia da semana", "action_flag": 2, "change_message": "[{\"changed\": {\"fields\": [\"name\", \"elocutions\"]}}]"}}, {"model": "admin.logentry", "pk": 31, "fields": {"action_time": "2019-04-27T02:17:47.392Z", "user": 1, "content_type": 8, "object_id": "125", "object_repr": ":weekday:", "action_flag": 2, "change_message": "[{\"changed\": {\"fields\": [\"text\"]}}]"}}, {"model": "admin.logentry", "pk": 32, "fields": {"action_time": "2019-04-27T02:18:10.663Z", "user": 1, "content_type": 8, "object_id": "124", "object_repr": "Hoje \u00e9 :weekday:", "action_flag": 2, "change_message": "[{\"changed\": {\"fields\": [\"text\"]}}]"}}, {"model": "admin.logentry", "pk": 33, "fields": {"action_time": "2019-04-27T02:19:13.067Z", "user": 1, "content_type": 8, "object_id": "123", "object_repr": ":who_in_homeoffice:", "action_flag": 2, "change_message": "[{\"changed\": {\"fields\": [\"text\"]}}]"}}, {"model": "admin.logentry", "pk": 34, "fields": {"action_time": "2019-04-27T02:19:24.819Z", "user": 1, "content_type": 8, "object_id": "123", "object_repr": ":who_in_homeoffice:", "action_flag": 2, "change_message": "[{\"changed\": {\"fields\": [\"intent\"]}}]"}}, {"model": "admin.logentry", "pk": 35, "fields": {"action_time": "2019-04-27T02:20:03.686Z", "user": 1, "content_type": 8, "object_id": "123", "object_repr": ":who_in_home_office:", "action_flag": 2, "change_message": "[{\"changed\": {\"fields\": [\"text\"]}}]"}}, {"model": "admin.logentry", "pk": 36, "fields": {"action_time": "2019-04-27T02:21:41.211Z", "user": 1, "content_type": 8, "object_id": "126", "object_repr": "No Rio, :weather_condition:. A temperatura m\u00e9dia \u00e9 de :weather_temperature:\u00ba com sensa\u00e7\u00e3o t\u00e9rmica de :weather_sensation:\u00ba.", "action_flag": 1, "change_message": "[{\"added\": {}}]"}}, {"model": "admin.logentry", "pk": 37, "fields": {"action_time": "2019-04-27T02:21:43.691Z", "user": 1, "content_type": 11, "object_id": "3", "object_repr": "Falar as condi\u00e7\u00f5es do tempo", "action_flag": 1, "change_message": "[{\"added\": {}}]"}}, {"model": "admin.logentry", "pk": 38, "fields": {"action_time": "2019-04-27T02:22:34.982Z", "user": 1, "content_type": 8, "object_id": "127", "object_repr": "A data de hoje \u00e9 :date:", "action_flag": 1, "change_message": "[{\"added\": {}}]"}}, {"model": "admin.logentry", "pk": 39, "fields": {"action_time": "2019-04-27T02:22:47.268Z", "user": 1, "content_type": 8, "object_id": "128", "object_repr": ":date:", "action_flag": 1, "change_message": "[{\"added\": {}}]"}}, {"model": "admin.logentry", "pk": 40, "fields": {"action_time": "2019-04-27T02:22:57.240Z", "user": 1, "content_type": 8, "object_id": "129", "object_repr": "Hoje \u00e9 :date:", "action_flag": 1, "change_message": "[{\"added\": {}}]"}}, {"model": "admin.logentry", "pk": 41, "fields": {"action_time": "2019-04-27T02:23:00.411Z", "user": 1, "content_type": 11, "object_id": "4", "object_repr": "Informar a data de hoje", "action_flag": 1, "change_message": "[{\"added\": {}}]"}}, {"model": "admin.logentry", "pk": 42, "fields": {"action_time": "2019-04-27T02:23:36.521Z", "user": 1, "content_type": 8, "object_id": "130", "object_repr": ":time:", "action_flag": 1, "change_message": "[{\"added\": {}}]"}}, {"model": "admin.logentry", "pk": 43, "fields": {"action_time": "2019-04-27T02:23:41.338Z", "user": 1, "content_type": 11, "object_id": "5", "object_repr": "Informar as horas", "action_flag": 1, "change_message": "[{\"added\": {}}]"}}, {"model": "admin.logentry", "pk": 44, "fields": {"action_time": "2019-04-27T02:24:18.109Z", "user": 1, "content_type": 8, "object_id": "131", "object_repr": "Acho melhor falarmos de outro assunto, que tal?", "action_flag": 1, "change_message": "[{\"added\": {}}]"}}, {"model": "admin.logentry", "pk": 45, "fields": {"action_time": "2019-04-27T02:24:42.483Z", "user": 1, "content_type": 11, "object_id": "6", "object_repr": "Responder a sacanagem", "action_flag": 1, "change_message": "[{\"added\": {}}]"}}, {"model": "admin.logentry", "pk": 46, "fields": {"action_time": "2019-04-27T02:25:29.992Z", "user": 1, "content_type": 8, "object_id": "132", "object_repr": "Boa pergunta... Sabe que eu nunca parei para contar... :)", "action_flag": 1, "change_message": "[{\"added\": {}}]"}}, {"model": "admin.logentry", "pk": 47, "fields": {"action_time": "2019-04-27T02:25:38.664Z", "user": 1, "content_type": 11, "object_id": "7", "object_repr": "Falar sobre a idade do chatbot", "action_flag": 1, "change_message": "[{\"added\": {}}]"}}, {"model": "admin.logentry", "pk": 48, "fields": {"action_time": "2019-04-27T02:26:47.725Z", "user": 1, "content_type": 8, "object_id": "132", "object_repr": "Boa pergunta... Ser\u00e1 que conto em bits, bytes ou segundos... N\u00e3o sei.", "action_flag": 2, "change_message": "[{\"changed\": {\"fields\": [\"text\"]}}]"}}, {"model": "admin.logentry", "pk": 49, "fields": {"action_time": "2019-04-27T02:28:11.806Z", "user": 1, "content_type": 8, "object_id": "133", "object_repr": "Me chamo Juddith", "action_flag": 1, "change_message": "[{\"added\": {}}]"}}, {"model": "admin.logentry", "pk": 50, "fields": {"action_time": "2019-04-27T02:28:17.058Z", "user": 1, "content_type": 8, "object_id": "134", "object_repr": "Juddith", "action_flag": 1, "change_message": "[{\"added\": {}}]"}}, {"model": "admin.logentry", "pk": 51, "fields": {"action_time": "2019-04-27T02:28:23.326Z", "user": 1, "content_type": 11, "object_id": "8", "object_repr": "Responder o nome do chatbot", "action_flag": 1, "change_message": "[{\"added\": {}}]"}}, {"model": "admin.logentry", "pk": 52, "fields": {"action_time": "2019-04-27T02:29:11.274Z", "user": 1, "content_type": 8, "object_id": "135", "object_repr": "Desculpe, mas eu n\u00e3o sei responder a isso.", "action_flag": 1, "change_message": "[{\"added\": {}}]"}}, {"model": "admin.logentry", "pk": 53, "fields": {"action_time": "2019-04-27T02:29:24.159Z", "user": 1, "content_type": 8, "object_id": "136", "object_repr": "Isso n\u00e3o parece apropriado.", "action_flag": 1, "change_message": "[{\"added\": {}}]"}}, {"model": "admin.logentry", "pk": 54, "fields": {"action_time": "2019-04-27T02:29:36.348Z", "user": 1, "content_type": 8, "object_id": "137", "object_repr": "Prefiro n\u00e3o responder a isso.", "action_flag": 1, "change_message": "[{\"added\": {}}]"}}, {"model": "admin.logentry", "pk": 55, "fields": {"action_time": "2019-04-27T02:29:39.741Z", "user": 1, "content_type": 11, "object_id": "9", "object_repr": "Responder a xingamento", "action_flag": 1, "change_message": "[{\"added\": {}}]"}}, {"model": "admin.logentry", "pk": 56, "fields": {"action_time": "2019-04-27T02:31:08.625Z", "user": 1, "content_type": 8, "object_id": "138", "object_repr": "Vamos l\u00e1. No que mais posso te ajudar?", "action_flag": 1, "change_message": "[{\"added\": {}}]"}}, {"model": "admin.logentry", "pk": 57, "fields": {"action_time": "2019-04-27T02:31:18.593Z", "user": 1, "content_type": 8, "object_id": "139", "object_repr": "Em que mais eu posso ser \u00fatil?", "action_flag": 1, "change_message": "[{\"added\": {}}]"}}, {"model": "admin.logentry", "pk": 58, "fields": {"action_time": "2019-04-27T02:31:21.466Z", "user": 1, "content_type": 11, "object_id": "10", "object_repr": "Oferecer mais ajuda", "action_flag": 1, "change_message": "[{\"added\": {}}]"}}, {"model": "admin.logentry", "pk": 59, "fields": {"action_time": "2019-04-27T02:32:52.537Z", "user": 1, "content_type": 8, "object_id": "140", "object_repr": "Claro. Estou aqui para isso.", "action_flag": 1, "change_message": "[{\"added\": {}}]"}}, {"model": "admin.logentry", "pk": 60, "fields": {"action_time": "2019-04-27T02:33:00.157Z", "user": 1, "content_type": 8, "object_id": "141", "object_repr": "Claro.", "action_flag": 1, "change_message": "[{\"added\": {}}]"}}, {"model": "admin.logentry", "pk": 61, "fields": {"action_time": "2019-04-27T02:33:02.715Z", "user": 1, "content_type": 11, "object_id": "11", "object_repr": "Responder a um pedido de ajuda", "action_flag": 1, "change_message": "[{\"added\": {}}]"}}, {"model": "admin.logentry", "pk": 62, "fields": {"action_time": "2019-04-27T02:33:25.613Z", "user": 1, "content_type": 8, "object_id": "142", "object_repr": "Ah! Obrigada.", "action_flag": 1, "change_message": "[{\"added\": {}}]"}}, {"model": "admin.logentry", "pk": 63, "fields": {"action_time": "2019-04-27T02:33:33.927Z", "user": 1, "content_type": 8, "object_id": "143", "object_repr": "Voc\u00ea que \u00e9 demais.", "action_flag": 1, "change_message": "[{\"added\": {}}]"}}, {"model": "admin.logentry", "pk": 64, "fields": {"action_time": "2019-04-27T02:33:42.470Z", "user": 1, "content_type": 8, "object_id": "144", "object_repr": "Assim eu fico sem gra\u00e7a! ;)", "action_flag": 1, "change_message": "[{\"added\": {}}]"}}, {"model": "admin.logentry", "pk": 65, "fields": {"action_time": "2019-04-27T02:33:51.151Z", "user": 1, "content_type": 8, "object_id": "145", "object_repr": "Muito obrigada.", "action_flag": 1, "change_message": "[{\"added\": {}}]"}}, {"model": "admin.logentry", "pk": 66, "fields": {"action_time": "2019-04-27T02:33:58.938Z", "user": 1, "content_type": 8, "object_id": "146", "object_repr": "Voc\u00ea \u00e9 um(a) fofo(a).", "action_flag": 1, "change_message": "[{\"added\": {}}]"}}, {"model": "admin.logentry", "pk": 67, "fields": {"action_time": "2019-04-27T02:34:03.869Z", "user": 1, "content_type": 11, "object_id": "12", "object_repr": "Agradecer a um elogio", "action_flag": 1, "change_message": "[{\"added\": {}}]"}}, {"model": "admin.logentry", "pk": 68, "fields": {"action_time": "2019-04-27T02:34:55.653Z", "user": 1, "content_type": 8, "object_id": "147", "object_repr": "Estou bem.", "action_flag": 1, "change_message": "[{\"added\": {}}]"}}, {"model": "admin.logentry", "pk": 69, "fields": {"action_time": "2019-04-27T02:35:04.008Z", "user": 1, "content_type": 8, "object_id": "148", "object_repr": "Vou muito bem.", "action_flag": 1, "change_message": "[{\"added\": {}}]"}}, {"model": "admin.logentry", "pk": 70, "fields": {"action_time": "2019-04-27T02:35:12.590Z", "user": 1, "content_type": 8, "object_id": "149", "object_repr": "Vou bem. Obrigada por perguntar.", "action_flag": 1, "change_message": "[{\"added\": {}}]"}}, {"model": "admin.logentry", "pk": 71, "fields": {"action_time": "2019-04-27T02:35:19.075Z", "user": 1, "content_type": 11, "object_id": "13", "object_repr": "Falar sobre humor do chatbot", "action_flag": 1, "change_message": "[{\"added\": {}}]"}}, {"model": "admin.logentry", "pk": 72, "fields": {"action_time": "2019-04-27T02:36:05.003Z", "user": 1, "content_type": 8, "object_id": "150", "object_repr": "Desculpe. Eu n\u00e3o sei como responder a isso.", "action_flag": 1, "change_message": "[{\"added\": {}}]"}}, {"model": "admin.logentry", "pk": 73, "fields": {"action_time": "2019-04-27T02:36:13.507Z", "user": 1, "content_type": 8, "object_id": "151", "object_repr": "Ah! Infelizmente ainda n\u00e3o sei nada sobre isso.", "action_flag": 1, "change_message": "[{\"added\": {}}]"}}, {"model": "admin.logentry", "pk": 74, "fields": {"action_time": "2019-04-27T02:36:16.186Z", "user": 1, "content_type": 11, "object_id": "14", "object_repr": "Dizer que n\u00e3o entendeu", "action_flag": 1, "change_message": "[{\"added\": {}}]"}}, {"model": "admin.logentry", "pk": 75, "fields": {"action_time": "2019-04-27T02:36:52.478Z", "user": 1, "content_type": 8, "object_id": "152", "object_repr": "Voc\u00ea \u00e9 sempre bem-vindo(a).", "action_flag": 1, "change_message": "[{\"added\": {}}]"}}, {"model": "admin.logentry", "pk": 76, "fields": {"action_time": "2019-04-27T02:37:00.967Z", "user": 1, "content_type": 8, "object_id": "153", "object_repr": "N\u00e3o tem de qu\u00ea.", "action_flag": 1, "change_message": "[{\"added\": {}}]"}}, {"model": "admin.logentry", "pk": 77, "fields": {"action_time": "2019-04-27T02:37:09.625Z", "user": 1, "content_type": 8, "object_id": "154", "object_repr": "Estamos aqui para isso :)", "action_flag": 1, "change_message": "[{\"added\": {}}]"}}, {"model": "admin.logentry", "pk": 78, "fields": {"action_time": "2019-04-27T02:37:15.495Z", "user": 1, "content_type": 11, "object_id": "15", "object_repr": "Responder a um agradecimento", "action_flag": 1, "change_message": "[{\"added\": {}}]"}}, {"model": "admin.logentry", "pk": 79, "fields": {"action_time": "2019-04-27T02:38:00.327Z", "user": 1, "content_type": 8, "object_id": "155", "object_repr": "Sou uma atendente virtual desenvolvida em Python com t\u00e9cnicas de Machine Learning. Sou dotada de uma rede neural artificial que me ajuda a te entender e te responder adequadamente.", "action_flag": 1, "change_message": "[{\"added\": {}}]"}}, {"model": "admin.logentry", "pk": 80, "fields": {"action_time": "2019-04-27T02:38:03.678Z", "user": 1, "content_type": 11, "object_id": "16", "object_repr": "Falar sobre chatbot", "action_flag": 1, "change_message": "[{\"added\": {}}]"}}, {"model": "admin.logentry", "pk": 81, "fields": {"action_time": "2019-04-27T02:39:10.661Z", "user": 1, "content_type": 8, "object_id": "156", "object_repr": "Tchau.", "action_flag": 1, "change_message": "[{\"added\": {}}]"}}, {"model": "admin.logentry", "pk": 82, "fields": {"action_time": "2019-04-27T02:39:20.046Z", "user": 1, "content_type": 8, "object_id": "157", "object_repr": "Tchau tchau!", "action_flag": 1, "change_message": "[{\"added\": {}}]"}}, {"model": "admin.logentry", "pk": 83, "fields": {"action_time": "2019-04-27T02:39:29.082Z", "user": 1, "content_type": 8, "object_id": "158", "object_repr": "At\u00e9 breve.", "action_flag": 1, "change_message": "[{\"added\": {}}]"}}, {"model": "admin.logentry", "pk": 84, "fields": {"action_time": "2019-04-27T02:39:37.139Z", "user": 1, "content_type": 8, "object_id": "159", "object_repr": "At\u00e9 outro dia.", "action_flag": 1, "change_message": "[{\"added\": {}}]"}}, {"model": "admin.logentry", "pk": 85, "fields": {"action_time": "2019-04-27T02:39:43.947Z", "user": 1, "content_type": 8, "object_id": "160", "object_repr": "At\u00e9 mais.", "action_flag": 1, "change_message": "[{\"added\": {}}]"}}, {"model": "admin.logentry", "pk": 86, "fields": {"action_time": "2019-04-27T02:40:01.911Z", "user": 1, "content_type": 8, "object_id": "161", "object_repr": "Adeus.", "action_flag": 1, "change_message": "[{\"added\": {}}]"}}, {"model": "admin.logentry", "pk": 87, "fields": {"action_time": "2019-04-27T02:40:17.729Z", "user": 1, "content_type": 11, "object_id": "17", "object_repr": "Despedir-se", "action_flag": 1, "change_message": "[{\"added\": {}}]"}}, {"model": "admin.logentry", "pk": 88, "fields": {"action_time": "2019-04-27T02:40:43.495Z", "user": 1, "content_type": 8, "object_id": "162", "object_repr": "Oi.", "action_flag": 1, "change_message": "[{\"added\": {}}]"}}, {"model": "admin.logentry", "pk": 89, "fields": {"action_time": "2019-04-27T02:40:48.649Z", "user": 1, "content_type": 8, "object_id": "163", "object_repr": "Ol\u00e1!", "action_flag": 1, "change_message": "[{\"added\": {}}]"}}, {"model": "admin.logentry", "pk": 90, "fields": {"action_time": "2019-04-27T02:40:51.245Z", "user": 1, "content_type": 11, "object_id": "18", "object_repr": "Saudar", "action_flag": 1, "change_message": "[{\"added\": {}}]"}}, {"model": "admin.logentry", "pk": 91, "fields": {"action_time": "2019-04-27T02:41:45.974Z", "user": 1, "content_type": 9, "object_id": "1", "object_repr": "Processamento de Home Office", "action_flag": 1, "change_message": "[{\"added\": {}}]"}}, {"model": "admin.logentry", "pk": 92, "fields": {"action_time": "2019-04-27T02:42:09.111Z", "user": 1, "content_type": 9, "object_id": "2", "object_repr": "Processamento de condi\u00e7\u00f5es clim\u00e1ticas", "action_flag": 1, "change_message": "[{\"added\": {}}]"}}, {"model": "admin.logentry", "pk": 93, "fields": {"action_time": "2019-04-27T02:42:23.461Z", "user": 1, "content_type": 9, "object_id": "3", "object_repr": "Processamento de data e hora", "action_flag": 1, "change_message": "[{\"added\": {}}]"}}, {"model": "admin.logentry", "pk": 94, "fields": {"action_time": "2019-04-27T02:44:08.762Z", "user": 1, "content_type": 12, "object_id": "1", "object_repr": "Saber a lista de funcion\u00e1rios de Home Office", "action_flag": 2, "change_message": "[{\"changed\": {\"fields\": [\"feature\", \"response\"]}}]"}}, {"model": "admin.logentry", "pk": 95, "fields": {"action_time": "2019-04-27T02:44:18.682Z", "user": 1, "content_type": 12, "object_id": "18", "object_repr": "Sauda\u00e7\u00e3o", "action_flag": 2, "change_message": "[{\"changed\": {\"fields\": [\"response\"]}}]"}}, {"model": "admin.logentry", "pk": 96, "fields": {"action_time": "2019-04-27T02:44:29.190Z", "user": 1, "content_type": 12, "object_id": "17", "object_repr": "Despedida", "action_flag": 2, "change_message": "[{\"changed\": {\"fields\": [\"response\"]}}]"}}, {"model": "admin.logentry", "pk": 97, "fields": {"action_time": "2019-04-27T02:44:47.168Z", "user": 1, "content_type": 12, "object_id": "16", "object_repr": "Saber nome do chatbot", "action_flag": 2, "change_message": "[{\"changed\": {\"fields\": [\"response\"]}}]"}}, {"model": "admin.logentry", "pk": 98, "fields": {"action_time": "2019-04-27T02:45:10.295Z", "user": 1, "content_type": 12, "object_id": "15", "object_repr": "Saber sobre o chatbot", "action_flag": 2, "change_message": "[{\"changed\": {\"fields\": [\"response\"]}}]"}}, {"model": "admin.logentry", "pk": 99, "fields": {"action_time": "2019-04-27T02:45:22.216Z", "user": 1, "content_type": 12, "object_id": "14", "object_repr": "Agradecer", "action_flag": 2, "change_message": "[{\"changed\": {\"fields\": [\"response\"]}}]"}}, {"model": "admin.logentry", "pk": 100, "fields": {"action_time": "2019-04-27T02:45:46.733Z", "user": 1, "content_type": 12, "object_id": "13", "object_repr": "Comentar sobre algo desconhecido", "action_flag": 2, "change_message": "[{\"changed\": {\"fields\": [\"response\"]}}]"}}, {"model": "admin.logentry", "pk": 101, "fields": {"action_time": "2019-04-27T02:45:58.143Z", "user": 1, "content_type": 12, "object_id": "12", "object_repr": "Saber sobre humor do chatbot", "action_flag": 2, "change_message": "[{\"changed\": {\"fields\": [\"response\"]}}]"}}, {"model": "admin.logentry", "pk": 102, "fields": {"action_time": "2019-04-27T02:47:50.984Z", "user": 1, "content_type": 12, "object_id": "11", "object_repr": "Fazer elogio", "action_flag": 2, "change_message": "[{\"changed\": {\"fields\": [\"response\"]}}]"}}, {"model": "admin.logentry", "pk": 103, "fields": {"action_time": "2019-04-27T02:48:01.438Z", "user": 1, "content_type": 12, "object_id": "10", "object_repr": "Pedir por ajuda", "action_flag": 2, "change_message": "[{\"changed\": {\"fields\": [\"response\"]}}]"}}, {"model": "admin.logentry", "pk": 104, "fields": {"action_time": "2019-04-27T02:48:25.223Z", "user": 1, "content_type": 12, "object_id": "9", "object_repr": "Afirma\u00e7\u00e3o de entendimento", "action_flag": 2, "change_message": "[{\"changed\": {\"fields\": [\"response\"]}}]"}}, {"model": "admin.logentry", "pk": 105, "fields": {"action_time": "2019-04-27T02:48:33.301Z", "user": 1, "content_type": 12, "object_id": "8", "object_repr": "Xingar", "action_flag": 2, "change_message": "[{\"changed\": {\"fields\": [\"response\"]}}]"}}, {"model": "admin.logentry", "pk": 106, "fields": {"action_time": "2019-04-27T02:48:40.576Z", "user": 1, "content_type": 12, "object_id": "7", "object_repr": "Saber sobre a idade do chatbot", "action_flag": 2, "change_message": "[{\"changed\": {\"fields\": [\"response\"]}}]"}}, {"model": "admin.logentry", "pk": 107, "fields": {"action_time": "2019-04-27T02:48:49.294Z", "user": 1, "content_type": 12, "object_id": "6", "object_repr": "Sacanear", "action_flag": 2, "change_message": "[{\"changed\": {\"fields\": [\"response\"]}}]"}}, {"model": "admin.logentry", "pk": 108, "fields": {"action_time": "2019-04-27T02:49:03.728Z", "user": 1, "content_type": 12, "object_id": "5", "object_repr": "Perguntar as horas", "action_flag": 2, "change_message": "[{\"changed\": {\"fields\": [\"feature\", \"response\"]}}]"}}, {"model": "admin.logentry", "pk": 109, "fields": {"action_time": "2019-04-27T02:49:30.879Z", "user": 1, "content_type": 12, "object_id": "4", "object_repr": "Perguntar qual dia \u00e9 hoje", "action_flag": 2, "change_message": "[{\"changed\": {\"fields\": [\"feature\", \"response\"]}}]"}}, {"model": "admin.logentry", "pk": 110, "fields": {"action_time": "2019-04-27T02:49:44.550Z", "user": 1, "content_type": 12, "object_id": "3", "object_repr": "Perguntar sobre as condi\u00e7\u00f5es do tempo", "action_flag": 2, "change_message": "[{\"changed\": {\"fields\": [\"feature\", \"response\"]}}]"}}, {"model": "admin.logentry", "pk": 111, "fields": {"action_time": "2019-04-27T02:49:57.013Z", "user": 1, "content_type": 12, "object_id": "2", "object_repr": "Perguntar o dia da semana", "action_flag": 2, "change_message": "[{\"changed\": {\"fields\": [\"feature\", \"response\"]}}]"}}, {"model": "admin.logentry", "pk": 112, "fields": {"action_time": "2019-04-27T02:50:16.126Z", "user": 1, "content_type": 11, "object_id": "16", "object_repr": "Responder sobre chatbot", "action_flag": 2, "change_message": "[{\"changed\": {\"fields\": [\"name\"]}}]"}}, {"model": "admin.logentry", "pk": 113, "fields": {"action_time": "2019-04-27T02:50:23.025Z", "user": 1, "content_type": 11, "object_id": "14", "object_repr": "Responder que n\u00e3o entendeu", "action_flag": 2, "change_message": "[{\"changed\": {\"fields\": [\"name\"]}}]"}}, {"model": "admin.logentry", "pk": 114, "fields": {"action_time": "2019-04-27T02:50:30.320Z", "user": 1, "content_type": 11, "object_id": "13", "object_repr": "Responder sobre humor do chatbot", "action_flag": 2, "change_message": "[{\"changed\": {\"fields\": [\"name\"]}}]"}}, {"model": "admin.logentry", "pk": 115, "fields": {"action_time": "2019-04-27T02:50:40.517Z", "user": 1, "content_type": 11, "object_id": "7", "object_repr": "Responder sobre a idade do chatbot", "action_flag": 2, "change_message": "[{\"changed\": {\"fields\": [\"name\"]}}]"}}, {"model": "admin.logentry", "pk": 116, "fields": {"action_time": "2019-04-27T02:50:55.157Z", "user": 1, "content_type": 11, "object_id": "3", "object_repr": "Informar as condi\u00e7\u00f5es clim\u00e1ticas", "action_flag": 2, "change_message": "[{\"changed\": {\"fields\": [\"name\"]}}]"}}, {"model": "admin.logentry", "pk": 117, "fields": {"action_time": "2019-04-27T02:51:05.169Z", "user": 1, "content_type": 11, "object_id": "1", "object_repr": "Informar quem est\u00e1 de Home Office", "action_flag": 2, "change_message": "[{\"changed\": {\"fields\": [\"name\"]}}]"}}, {"model": "admin.logentry", "pk": 118, "fields": {"action_time": "2019-04-27T02:51:14.868Z", "user": 1, "content_type": 11, "object_id": "12", "object_repr": "Responder a um elogio", "action_flag": 2, "change_message": "[{\"changed\": {\"fields\": [\"name\"]}}]"}}, {"model": "admin.logentry", "pk": 119, "fields": {"action_time": "2019-04-27T03:36:46.836Z", "user": 1, "content_type": 9, "object_id": "4", "object_repr": "Processamento de recursos", "action_flag": 1, "change_message": "[{\"added\": {}}]"}}, {"model": "admin.logentry", "pk": 120, "fields": {"action_time": "2019-04-27T03:37:00.226Z", "user": 1, "content_type": 9, "object_id": "1", "object_repr": "Processamento de trabalho remoto", "action_flag": 2, "change_message": "[{\"changed\": {\"fields\": [\"name\"]}}]"}}, {"model": "admin.logentry", "pk": 121, "fields": {"action_time": "2019-04-27T03:39:35.047Z", "user": 1, "content_type": 8, "object_id": "164", "object_repr": "Eu sei :chat_bot_can:", "action_flag": 1, "change_message": "[{\"added\": {}}]"}}, {"model": "admin.logentry", "pk": 122, "fields": {"action_time": "2019-04-27T03:39:38.411Z", "user": 1, "content_type": 11, "object_id": "19", "object_repr": "Responder sobre recursos", "action_flag": 1, "change_message": "[{\"added\": {}}]"}}, {"model": "admin.logentry", "pk": 123, "fields": {"action_time": "2019-04-27T03:39:42.222Z", "user": 1, "content_type": 12, "object_id": "19", "object_repr": "Saber sobre o que o chatbot pode fazer", "action_flag": 1, "change_message": "[{\"added\": {}}, {\"added\": {\"name\": \"elocution\", \"object\": \"O que voc\\u00ea sabe fazer?\"}}, {\"added\": {\"name\": \"elocution\", \"object\": \"Voc\\u00ea sabe?\"}}, {\"added\": {\"name\": \"elocution\", \"object\": \"O que voc\\u00ea faz?\"}}, {\"added\": {\"name\": \"elocution\", \"object\": \"O que voc\\u00ea pode fazer?\"}}]"}}, {"model": "admin.logentry", "pk": 124, "fields": {"action_time": "2019-04-27T03:40:24.135Z", "user": 1, "content_type": 9, "object_id": "4", "object_repr": "Processamento de recursos do chatbot", "action_flag": 2, "change_message": "[{\"changed\": {\"fields\": [\"name\"]}}]"}}, {"model": "admin.logentry", "pk": 125, "fields": {"action_time": "2019-04-27T03:40:26.644Z", "user": 1, "content_type": 12, "object_id": "19", "object_repr": "Saber sobre o que o chatbot pode fazer", "action_flag": 2, "change_message": "[]"}}, {"model": "admin.logentry", "pk": 126, "fields": {"action_time": "2019-04-27T03:45:37.193Z", "user": 1, "content_type": 8, "object_id": "164", "object_repr": "Eu sei \r\n:chat_bot_can:", "action_flag": 2, "change_message": "[{\"changed\": {\"fields\": [\"text\"]}}]"}}, {"model": "admin.logentry", "pk": 127, "fields": {"action_time": "2019-04-27T03:45:59.028Z", "user": 1, "content_type": 8, "object_id": "164", "object_repr": "Eu sei:\r\n\r\n:chat_bot_can:", "action_flag": 2, "change_message": "[{\"changed\": {\"fields\": [\"text\"]}}]"}}, {"model": "admin.logentry", "pk": 128, "fields": {"action_time": "2019-04-27T03:52:02.825Z", "user": 1, "content_type": 12, "object_id": "3", "object_repr": "Perguntar sobre as condi\u00e7\u00f5es do tempo", "action_flag": 2, "change_message": "[{\"added\": {\"name\": \"elocution\", \"object\": \"Quais s\\u00e3o as condi\\u00e7\\u00f5es clim\\u00e1ticas?\"}}]"}}, {"model": "admin.logentry", "pk": 129, "fields": {"action_time": "2019-04-27T04:00:30.373Z", "user": 1, "content_type": 12, "object_id": "3", "object_repr": "Perguntar sobre as condi\u00e7\u00f5es do tempo", "action_flag": 2, "change_message": "[{\"added\": {\"name\": \"elocution\", \"object\": \"Me fale sobre as condi\\u00e7\\u00f5es clim\\u00e1ticas\"}}, {\"added\": {\"name\": \"elocution\", \"object\": \"Conte-me sobre as condi\\u00e7\\u00f5es do clima\"}}]"}}, {"model": "application.intent", "pk": 1, "fields": {"name": "Saber a lista de funcion\u00e1rios de Home Office", "description": "", "tag": "lista_trabalho_remoto", "feature": 1, "response": 1, "status": 1, "created_by": 1, "last_modified_by": 1, "created_at": "2019-04-27T01:22:41.321Z", "updated_at": "2019-04-27T02:44:08.758Z"}}, {"model": "application.intent", "pk": 2, "fields": {"name": "Perguntar o dia da semana", "description": "", "tag": "saber_dia_da_semana", "feature": 3, "response": 2, "status": 1, "created_by": 1, "last_modified_by": 1, "created_at": "2019-04-27T01:23:29.962Z", "updated_at": "2019-04-27T02:49:57.010Z"}}, {"model": "application.intent", "pk": 3, "fields": {"name": "Perguntar sobre as condi\u00e7\u00f5es do tempo", "description": "", "tag": "perguntar_sobre_condicao_tempo", "feature": 2, "response": 3, "status": 1, "created_by": 1, "last_modified_by": 1, "created_at": "2019-04-27T01:31:09.892Z", "updated_at": "2019-04-27T04:00:30.366Z"}}, {"model": "application.intent", "pk": 4, "fields": {"name": "Perguntar qual dia \u00e9 hoje", "description": "", "tag": "perguntar_que_dia_e_hoje", "feature": 3, "response": 4, "status": 1, "created_by": 1, "last_modified_by": 1, "created_at": "2019-04-27T01:32:13.955Z", "updated_at": "2019-04-27T02:49:30.876Z"}}, {"model": "application.intent", "pk": 5, "fields": {"name": "Perguntar as horas", "description": "", "tag": "perguntar_as_horas", "feature": 3, "response": 5, "status": 1, "created_by": 1, "last_modified_by": 1, "created_at": "2019-04-27T01:33:36.198Z", "updated_at": "2019-04-27T02:49:03.724Z"}}, {"model": "application.intent", "pk": 6, "fields": {"name": "Sacanear", "description": "", "tag": "sacanear", "feature": null, "response": 6, "status": 1, "created_by": 1, "last_modified_by": 1, "created_at": "2019-04-27T01:37:00.538Z", "updated_at": "2019-04-27T02:48:49.291Z"}}, {"model": "application.intent", "pk": 7, "fields": {"name": "Saber sobre a idade do chatbot", "description": "", "tag": "saber_idade_chatbot", "feature": null, "response": 7, "status": 1, "created_by": 1, "last_modified_by": 1, "created_at": "2019-04-27T01:37:58.434Z", "updated_at": "2019-04-27T02:48:40.573Z"}}, {"model": "application.intent", "pk": 8, "fields": {"name": "Xingar", "description": "", "tag": "xingar", "feature": null, "response": 9, "status": 1, "created_by": 1, "last_modified_by": 1, "created_at": "2019-04-27T01:40:11.918Z", "updated_at": "2019-04-27T02:48:33.298Z"}}, {"model": "application.intent", "pk": 9, "fields": {"name": "Afirma\u00e7\u00e3o de entendimento", "description": "", "tag": "afirmacao_entendimento", "feature": null, "response": 10, "status": 1, "created_by": 1, "last_modified_by": 1, "created_at": "2019-04-27T01:43:11.246Z", "updated_at": "2019-04-27T02:48:25.219Z"}}, {"model": "application.intent", "pk": 10, "fields": {"name": "Pedir por ajuda", "description": "", "tag": "pedir_ajuda", "feature": null, "response": 11, "status": 1, "created_by": 1, "last_modified_by": 1, "created_at": "2019-04-27T01:44:48.639Z", "updated_at": "2019-04-27T02:48:01.435Z"}}, {"model": "application.intent", "pk": 11, "fields": {"name": "Fazer elogio", "description": "", "tag": "fazer_elogio", "feature": null, "response": 12, "status": 1, "created_by": 1, "last_modified_by": 1, "created_at": "2019-04-27T01:46:29.453Z", "updated_at": "2019-04-27T02:47:50.980Z"}}, {"model": "application.intent", "pk": 12, "fields": {"name": "Saber sobre humor do chatbot", "description": "", "tag": "saber_humor_chatbot", "feature": null, "response": 13, "status": 1, "created_by": 1, "last_modified_by": 1, "created_at": "2019-04-27T01:47:50.023Z", "updated_at": "2019-04-27T02:45:58.139Z"}}, {"model": "application.intent", "pk": 13, "fields": {"name": "Comentar sobre algo desconhecido", "description": "", "tag": "not_found", "feature": null, "response": 14, "status": 1, "created_by": 1, "last_modified_by": 1, "created_at": "2019-04-27T01:48:28.184Z", "updated_at": "2019-04-27T02:45:46.729Z"}}, {"model": "application.intent", "pk": 14, "fields": {"name": "Agradecer", "description": "", "tag": "agradecimento", "feature": null, "response": 15, "status": 1, "created_by": 1, "last_modified_by": 1, "created_at": "2019-04-27T01:49:59.843Z", "updated_at": "2019-04-27T02:45:22.211Z"}}, {"model": "application.intent", "pk": 15, "fields": {"name": "Saber sobre o chatbot", "description": "", "tag": "saber_sobre_chatbot", "feature": null, "response": 16, "status": 1, "created_by": 1, "last_modified_by": 1, "created_at": "2019-04-27T01:52:01.669Z", "updated_at": "2019-04-27T02:45:10.291Z"}}, {"model": "application.intent", "pk": 16, "fields": {"name": "Saber nome do chatbot", "description": "", "tag": "saber_nome_chatbot", "feature": null, "response": 8, "status": 1, "created_by": 1, "last_modified_by": 1, "created_at": "2019-04-27T01:53:18.780Z", "updated_at": "2019-04-27T02:44:47.164Z"}}, {"model": "application.intent", "pk": 17, "fields": {"name": "Despedida", "description": "", "tag": "despedida", "feature": null, "response": 17, "status": 1, "created_by": 1, "last_modified_by": 1, "created_at": "2019-04-27T01:55:24.194Z", "updated_at": "2019-04-27T02:44:29.186Z"}}, {"model": "application.intent", "pk": 18, "fields": {"name": "Sauda\u00e7\u00e3o", "description": "", "tag": "saudacao", "feature": null, "response": 18, "status": 1, "created_by": 1, "last_modified_by": 1, "created_at": "2019-04-27T01:56:18.921Z", "updated_at": "2019-04-27T02:44:18.680Z"}}, {"model": "application.intent", "pk": 19, "fields": {"name": "Saber sobre o que o chatbot pode fazer", "description": "", "tag": "saber_recursos_chatbot", "feature": 4, "response": 19, "status": 1, "created_by": 1, "last_modified_by": 1, "created_at": "2019-04-27T03:39:42.184Z", "updated_at": "2019-04-27T03:40:26.641Z"}}, {"model": "application.response", "pk": 1, "fields": {"name": "Informar quem est\u00e1 de Home Office", "description": "", "status": 1, "created_by": 1, "last_modified_by": 1, "created_at": "2019-04-27T02:13:07.138Z", "updated_at": "2019-04-27T02:51:05.163Z", "elocutions": [123]}}, {"model": "application.response", "pk": 2, "fields": {"name": "Informar o dia da semana", "description": "", "status": 1, "created_by": 1, "last_modified_by": 1, "created_at": "2019-04-27T02:13:20.045Z", "updated_at": "2019-04-27T02:15:51.393Z", "elocutions": [124, 125]}}, {"model": "application.response", "pk": 3, "fields": {"name": "Informar as condi\u00e7\u00f5es clim\u00e1ticas", "description": "", "status": 1, "created_by": 1, "last_modified_by": 1, "created_at": "2019-04-27T02:21:43.668Z", "updated_at": "2019-04-27T02:50:55.151Z", "elocutions": [126]}}, {"model": "application.response", "pk": 4, "fields": {"name": "Informar a data de hoje", "description": "", "status": 1, "created_by": 1, "last_modified_by": 1, "created_at": "2019-04-27T02:23:00.389Z", "updated_at": "2019-04-27T02:23:00.396Z", "elocutions": [127, 128, 129]}}, {"model": "application.response", "pk": 5, "fields": {"name": "Informar as horas", "description": "", "status": 1, "created_by": 1, "last_modified_by": 1, "created_at": "2019-04-27T02:23:41.312Z", "updated_at": "2019-04-27T02:23:41.324Z", "elocutions": [130]}}, {"model": "application.response", "pk": 6, "fields": {"name": "Responder a sacanagem", "description": "", "status": 1, "created_by": 1, "last_modified_by": 1, "created_at": "2019-04-27T02:24:42.456Z", "updated_at": "2019-04-27T02:24:42.462Z", "elocutions": [131]}}, {"model": "application.response", "pk": 7, "fields": {"name": "Responder sobre a idade do chatbot", "description": "", "status": 1, "created_by": 1, "last_modified_by": 1, "created_at": "2019-04-27T02:25:38.637Z", "updated_at": "2019-04-27T02:50:40.510Z", "elocutions": [132]}}, {"model": "application.response", "pk": 8, "fields": {"name": "Responder o nome do chatbot", "description": "", "status": 1, "created_by": 1, "last_modified_by": 1, "created_at": "2019-04-27T02:28:23.304Z", "updated_at": "2019-04-27T02:28:23.313Z", "elocutions": [133, 134]}}, {"model": "application.response", "pk": 9, "fields": {"name": "Responder a xingamento", "description": "", "status": 1, "created_by": 1, "last_modified_by": 1, "created_at": "2019-04-27T02:29:39.712Z", "updated_at": "2019-04-27T02:29:39.720Z", "elocutions": [135, 136, 137]}}, {"model": "application.response", "pk": 10, "fields": {"name": "Oferecer mais ajuda", "description": "", "status": 1, "created_by": 1, "last_modified_by": 1, "created_at": "2019-04-27T02:31:21.443Z", "updated_at": "2019-04-27T02:31:21.452Z", "elocutions": [138, 139]}}, {"model": "application.response", "pk": 11, "fields": {"name": "Responder a um pedido de ajuda", "description": "", "status": 1, "created_by": 1, "last_modified_by": 1, "created_at": "2019-04-27T02:33:02.693Z", "updated_at": "2019-04-27T02:33:02.702Z", "elocutions": [140, 141]}}, {"model": "application.response", "pk": 12, "fields": {"name": "Responder a um elogio", "description": "", "status": 1, "created_by": 1, "last_modified_by": 1, "created_at": "2019-04-27T02:34:03.843Z", "updated_at": "2019-04-27T02:51:14.856Z", "elocutions": [142, 143, 144, 145, 146]}}, {"model": "application.response", "pk": 13, "fields": {"name": "Responder sobre humor do chatbot", "description": "", "status": 1, "created_by": 1, "last_modified_by": 1, "created_at": "2019-04-27T02:35:19.056Z", "updated_at": "2019-04-27T02:50:30.314Z", "elocutions": [147, 148, 149]}}, {"model": "application.response", "pk": 14, "fields": {"name": "Responder que n\u00e3o entendeu", "description": "", "status": 1, "created_by": 1, "last_modified_by": 1, "created_at": "2019-04-27T02:36:16.163Z", "updated_at": "2019-04-27T02:50:23.020Z", "elocutions": [150, 151]}}, {"model": "application.response", "pk": 15, "fields": {"name": "Responder a um agradecimento", "description": "", "status": 1, "created_by": 1, "last_modified_by": 1, "created_at": "2019-04-27T02:37:15.472Z", "updated_at": "2019-04-27T02:37:15.480Z", "elocutions": [152, 153, 154]}}, {"model": "application.response", "pk": 16, "fields": {"name": "Responder sobre chatbot", "description": "", "status": 1, "created_by": 1, "last_modified_by": 1, "created_at": "2019-04-27T02:38:03.656Z", "updated_at": "2019-04-27T02:50:16.120Z", "elocutions": [155]}}, {"model": "application.response", "pk": 17, "fields": {"name": "Despedir-se", "description": "", "status": 1, "created_by": 1, "last_modified_by": 1, "created_at": "2019-04-27T02:40:17.704Z", "updated_at": "2019-04-27T02:40:17.714Z", "elocutions": [113, 118, 156, 157, 158, 159, 160, 161]}}, {"model": "application.response", "pk": 18, "fields": {"name": "Saudar", "description": "", "status": 1, "created_by": 1, "last_modified_by": 1, "created_at": "2019-04-27T02:40:51.223Z", "updated_at": "2019-04-27T02:40:51.232Z", "elocutions": [162, 163]}}, {"model": "application.response", "pk": 19, "fields": {"name": "Responder sobre recursos", "description": "", "status": 1, "created_by": 1, "last_modified_by": 1, "created_at": "2019-04-27T03:39:38.392Z", "updated_at": "2019-04-27T03:39:38.400Z", "elocutions": [164]}}, {"model": "application.elocution", "pk": 1, "fields": {"intent": 1, "text": "Que est\u00e1 de home office em :data:", "status": 1, "created_by": null, "last_modified_by": null, "created_at": "2019-04-27T01:22:41.332Z", "updated_at": "2019-04-27T01:22:41.350Z"}}, {"model": "application.elocution", "pk": 2, "fields": {"intent": 1, "text": "Trabalho remoto em :data:", "status": 1, "created_by": null, "last_modified_by": null, "created_at": "2019-04-27T01:22:41.333Z", "updated_at": "2019-04-27T01:22:41.362Z"}}, {"model": "application.elocution", "pk": 3, "fields": {"intent": 1, "text": "Me informe a lista de quem est\u00e1 de trabalho remoto na data :data:", "status": 1, "created_by": null, "last_modified_by": null, "created_at": "2019-04-27T01:22:41.333Z", "updated_at": "2019-04-27T01:22:41.363Z"}}, {"model": "application.elocution", "pk": 4, "fields": {"intent": 1, "text": "Quero saber a lista de homeoffice em :data:", "status": 1, "created_by": null, "last_modified_by": null, "created_at": "2019-04-27T01:22:41.333Z", "updated_at": "2019-04-27T01:22:41.364Z"}}, {"model": "application.elocution", "pk": 5, "fields": {"intent": null, "text": "homeoffice em :data:", "status": 1, "created_by": 1, "last_modified_by": 1, "created_at": "2019-04-27T01:22:41.334Z", "updated_at": "2019-04-27T02:14:41.069Z"}}, {"model": "application.elocution", "pk": 7, "fields": {"intent": 2, "text": "Que dia da semana \u00e9 hoje?", "status": 1, "created_by": null, "last_modified_by": null, "created_at": "2019-04-27T01:23:29.973Z", "updated_at": "2019-04-27T01:23:29.977Z"}}, {"model": "application.elocution", "pk": 8, "fields": {"intent": 2, "text": "Sabe o dia da semana?", "status": 1, "created_by": null, "last_modified_by": null, "created_at": "2019-04-27T01:23:29.974Z", "updated_at": "2019-04-27T01:23:29.978Z"}}, {"model": "application.elocution", "pk": 9, "fields": {"intent": 2, "text": "Qual \u00e9 o dia da semana?", "status": 1, "created_by": null, "last_modified_by": null, "created_at": "2019-04-27T01:23:29.974Z", "updated_at": "2019-04-27T01:23:29.979Z"}}, {"model": "application.elocution", "pk": 10, "fields": {"intent": 2, "text": "Me informe o dia da semana", "status": 1, "created_by": null, "last_modified_by": null, "created_at": "2019-04-27T01:23:29.974Z", "updated_at": "2019-04-27T01:23:29.980Z"}}, {"model": "application.elocution", "pk": 11, "fields": {"intent": 3, "text": "Quais as condi\u00e7\u00f5es do tempo?", "status": 1, "created_by": null, "last_modified_by": null, "created_at": "2019-04-27T01:31:09.904Z", "updated_at": "2019-04-27T01:31:09.909Z"}}, {"model": "application.elocution", "pk": 12, "fields": {"intent": 3, "text": "Como est\u00e1 o tempo?", "status": 1, "created_by": null, "last_modified_by": null, "created_at": "2019-04-27T01:31:09.904Z", "updated_at": "2019-04-27T01:31:09.911Z"}}, {"model": "application.elocution", "pk": 13, "fields": {"intent": 3, "text": "Sabe sobre o clima?", "status": 1, "created_by": null, "last_modified_by": null, "created_at": "2019-04-27T01:31:09.904Z", "updated_at": "2019-04-27T01:31:09.912Z"}}, {"model": "application.elocution", "pk": 14, "fields": {"intent": 3, "text": "Como est\u00e1 o clima?", "status": 1, "created_by": null, "last_modified_by": null, "created_at": "2019-04-27T01:31:09.904Z", "updated_at": "2019-04-27T01:31:09.913Z"}}, {"model": "application.elocution", "pk": 15, "fields": {"intent": 3, "text": "Est\u00e1 sol hoje?", "status": 1, "created_by": null, "last_modified_by": null, "created_at": "2019-04-27T01:31:09.905Z", "updated_at": "2019-04-27T01:31:09.914Z"}}, {"model": "application.elocution", "pk": 16, "fields": {"intent": 3, "text": "Est\u00e1 chuvendo?", "status": 1, "created_by": null, "last_modified_by": null, "created_at": "2019-04-27T01:31:09.905Z", "updated_at": "2019-04-27T01:31:09.914Z"}}, {"model": "application.elocution", "pk": 17, "fields": {"intent": 3, "text": "O tempo est\u00e1 chuvoso?", "status": 1, "created_by": null, "last_modified_by": null, "created_at": "2019-04-27T01:31:09.905Z", "updated_at": "2019-04-27T01:31:09.915Z"}}, {"model": "application.elocution", "pk": 18, "fields": {"intent": 4, "text": "Que dia \u00e9 hoje?", "status": 1, "created_by": null, "last_modified_by": null, "created_at": "2019-04-27T01:32:13.966Z", "updated_at": "2019-04-27T01:32:13.970Z"}}, {"model": "application.elocution", "pk": 19, "fields": {"intent": 4, "text": "Hoje \u00e9 que dia do m\u00eas?", "status": 1, "created_by": null, "last_modified_by": null, "created_at": "2019-04-27T01:32:13.966Z", "updated_at": "2019-04-27T01:32:13.971Z"}}, {"model": "application.elocution", "pk": 20, "fields": {"intent": 4, "text": "Qual \u00e9 a data de hoje?", "status": 1, "created_by": null, "last_modified_by": null, "created_at": "2019-04-27T01:32:13.967Z", "updated_at": "2019-04-27T01:32:13.972Z"}}, {"model": "application.elocution", "pk": 21, "fields": {"intent": 4, "text": "Que data \u00e9 hoje?", "status": 1, "created_by": null, "last_modified_by": null, "created_at": "2019-04-27T01:32:13.967Z", "updated_at": "2019-04-27T01:32:13.973Z"}}, {"model": "application.elocution", "pk": 22, "fields": {"intent": 5, "text": "Que horas s\u00e3o?", "status": 1, "created_by": null, "last_modified_by": null, "created_at": "2019-04-27T01:33:36.209Z", "updated_at": "2019-04-27T01:33:36.213Z"}}, {"model": "application.elocution", "pk": 23, "fields": {"intent": 5, "text": "Voc\u00ea sabe das horas?", "status": 1, "created_by": null, "last_modified_by": null, "created_at": "2019-04-27T01:33:36.210Z", "updated_at": "2019-04-27T01:33:36.215Z"}}, {"model": "application.elocution", "pk": 24, "fields": {"intent": 5, "text": "Sabe me informar as horas?", "status": 1, "created_by": null, "last_modified_by": null, "created_at": "2019-04-27T01:33:36.210Z", "updated_at": "2019-04-27T01:33:36.216Z"}}, {"model": "application.elocution", "pk": 25, "fields": {"intent": 6, "text": "Quer casar comigo?", "status": 1, "created_by": null, "last_modified_by": null, "created_at": "2019-04-27T01:37:00.551Z", "updated_at": "2019-04-27T01:37:00.560Z"}}, {"model": "application.elocution", "pk": 26, "fields": {"intent": 6, "text": "Casa comigo?", "status": 1, "created_by": null, "last_modified_by": null, "created_at": "2019-04-27T01:37:00.551Z", "updated_at": "2019-04-27T01:37:00.562Z"}}, {"model": "application.elocution", "pk": 27, "fields": {"intent": 6, "text": "Vamos nos casar?", "status": 1, "created_by": null, "last_modified_by": null, "created_at": "2019-04-27T01:37:00.551Z", "updated_at": "2019-04-27T01:37:00.563Z"}}, {"model": "application.elocution", "pk": 28, "fields": {"intent": 6, "text": "Vamos fazer sexo?", "status": 1, "created_by": null, "last_modified_by": null, "created_at": "2019-04-27T01:37:00.551Z", "updated_at": "2019-04-27T01:37:00.564Z"}}, {"model": "application.elocution", "pk": 29, "fields": {"intent": 6, "text": "Quer transar?", "status": 1, "created_by": null, "last_modified_by": null, "created_at": "2019-04-27T01:37:00.552Z", "updated_at": "2019-04-27T01:37:00.565Z"}}, {"model": "application.elocution", "pk": 30, "fields": {"intent": 6, "text": "E sexo que tal?", "status": 1, "created_by": null, "last_modified_by": null, "created_at": "2019-04-27T01:37:00.552Z", "updated_at": "2019-04-27T01:37:00.566Z"}}, {"model": "application.elocution", "pk": 31, "fields": {"intent": 6, "text": "Podemos fazer sexo?", "status": 1, "created_by": null, "last_modified_by": null, "created_at": "2019-04-27T01:37:00.552Z", "updated_at": "2019-04-27T01:37:00.567Z"}}, {"model": "application.elocution", "pk": 32, "fields": {"intent": 6, "text": "Vamos para um rala e rola?", "status": 1, "created_by": null, "last_modified_by": null, "created_at": "2019-04-27T01:37:00.552Z", "updated_at": "2019-04-27T01:37:00.567Z"}}, {"model": "application.elocution", "pk": 33, "fields": {"intent": 6, "text": "Estou com tes\u00e3o.", "status": 1, "created_by": null, "last_modified_by": null, "created_at": "2019-04-27T01:37:00.553Z", "updated_at": "2019-04-27T01:37:00.568Z"}}, {"model": "application.elocution", "pk": 34, "fields": {"intent": 6, "text": "Quer ser minha esposa?", "status": 1, "created_by": null, "last_modified_by": null, "created_at": "2019-04-27T01:37:00.553Z", "updated_at": "2019-04-27T01:37:00.569Z"}}, {"model": "application.elocution", "pk": 35, "fields": {"intent": 6, "text": "Quer ser minha companheira?", "status": 1, "created_by": null, "last_modified_by": null, "created_at": "2019-04-27T01:37:00.553Z", "updated_at": "2019-04-27T01:37:00.570Z"}}, {"model": "application.elocution", "pk": 36, "fields": {"intent": 6, "text": "Quer ser minha namorada?", "status": 1, "created_by": null, "last_modified_by": null, "created_at": "2019-04-27T01:37:00.553Z", "updated_at": "2019-04-27T01:37:00.571Z"}}, {"model": "application.elocution", "pk": 37, "fields": {"intent": 6, "text": "Quer ficar comigo?", "status": 1, "created_by": null, "last_modified_by": null, "created_at": "2019-04-27T01:37:00.554Z", "updated_at": "2019-04-27T01:37:00.572Z"}}, {"model": "application.elocution", "pk": 38, "fields": {"intent": 6, "text": "Vamos num motel?", "status": 1, "created_by": null, "last_modified_by": null, "created_at": "2019-04-27T01:37:00.554Z", "updated_at": "2019-04-27T01:37:00.572Z"}}, {"model": "application.elocution", "pk": 39, "fields": {"intent": 6, "text": "Quer sair comigo?", "status": 1, "created_by": null, "last_modified_by": null, "created_at": "2019-04-27T01:37:00.554Z", "updated_at": "2019-04-27T01:37:00.573Z"}}, {"model": "application.elocution", "pk": 40, "fields": {"intent": 6, "text": "Um motel, que tal?", "status": 1, "created_by": null, "last_modified_by": null, "created_at": "2019-04-27T01:37:00.554Z", "updated_at": "2019-04-27T01:37:00.574Z"}}, {"model": "application.elocution", "pk": 41, "fields": {"intent": 7, "text": "Quantos anos voc\u00ea tem?", "status": 1, "created_by": null, "last_modified_by": null, "created_at": "2019-04-27T01:37:58.444Z", "updated_at": "2019-04-27T01:37:58.447Z"}}, {"model": "application.elocution", "pk": 42, "fields": {"intent": 7, "text": "Qual \u00e9 a sua idade?", "status": 1, "created_by": null, "last_modified_by": null, "created_at": "2019-04-27T01:37:58.444Z", "updated_at": "2019-04-27T01:37:58.449Z"}}, {"model": "application.elocution", "pk": 43, "fields": {"intent": 7, "text": "Quando voc\u00ea nasceu?", "status": 1, "created_by": null, "last_modified_by": null, "created_at": "2019-04-27T01:37:58.444Z", "updated_at": "2019-04-27T01:37:58.450Z"}}, {"model": "application.elocution", "pk": 44, "fields": {"intent": 8, "text": "porra", "status": 1, "created_by": null, "last_modified_by": null, "created_at": "2019-04-27T01:40:11.931Z", "updated_at": "2019-04-27T01:40:11.940Z"}}, {"model": "application.elocution", "pk": 45, "fields": {"intent": 8, "text": "caralho", "status": 1, "created_by": null, "last_modified_by": null, "created_at": "2019-04-27T01:40:11.931Z", "updated_at": "2019-04-27T01:40:11.943Z"}}, {"model": "application.elocution", "pk": 46, "fields": {"intent": 8, "text": "filho da puta!", "status": 1, "created_by": null, "last_modified_by": null, "created_at": "2019-04-27T01:40:11.932Z", "updated_at": "2019-04-27T01:40:11.944Z"}}, {"model": "application.elocution", "pk": 47, "fields": {"intent": 8, "text": "seu merda", "status": 1, "created_by": null, "last_modified_by": null, "created_at": "2019-04-27T01:40:11.932Z", "updated_at": "2019-04-27T01:40:11.945Z"}}, {"model": "application.elocution", "pk": 48, "fields": {"intent": 8, "text": "viado!", "status": 1, "created_by": null, "last_modified_by": null, "created_at": "2019-04-27T01:40:11.932Z", "updated_at": "2019-04-27T01:40:11.946Z"}}, {"model": "application.elocution", "pk": 49, "fields": {"intent": 8, "text": "sua piranha", "status": 1, "created_by": null, "last_modified_by": null, "created_at": "2019-04-27T01:40:11.932Z", "updated_at": "2019-04-27T01:40:11.947Z"}}, {"model": "application.elocution", "pk": 50, "fields": {"intent": 8, "text": "filha da m\u00e3e!!!", "status": 1, "created_by": null, "last_modified_by": null, "created_at": "2019-04-27T01:40:11.932Z", "updated_at": "2019-04-27T01:40:11.948Z"}}, {"model": "application.elocution", "pk": 51, "fields": {"intent": 8, "text": "Vai tomar no seu cu!", "status": 1, "created_by": null, "last_modified_by": null, "created_at": "2019-04-27T01:40:11.933Z", "updated_at": "2019-04-27T01:40:11.949Z"}}, {"model": "application.elocution", "pk": 52, "fields": {"intent": 8, "text": "Vai se fuder!", "status": 1, "created_by": null, "last_modified_by": null, "created_at": "2019-04-27T01:40:11.933Z", "updated_at": "2019-04-27T01:40:11.950Z"}}, {"model": "application.elocution", "pk": 53, "fields": {"intent": 8, "text": "Enfia isso no rabo!", "status": 1, "created_by": null, "last_modified_by": null, "created_at": "2019-04-27T01:40:11.933Z", "updated_at": "2019-04-27T01:40:11.951Z"}}, {"model": "application.elocution", "pk": 54, "fields": {"intent": 8, "text": "Sua fdp!", "status": 1, "created_by": null, "last_modified_by": null, "created_at": "2019-04-27T01:40:11.933Z", "updated_at": "2019-04-27T01:40:11.952Z"}}, {"model": "application.elocution", "pk": 55, "fields": {"intent": 8, "text": "toma no cu", "status": 1, "created_by": null, "last_modified_by": null, "created_at": "2019-04-27T01:40:11.934Z", "updated_at": "2019-04-27T01:40:11.952Z"}}, {"model": "application.elocution", "pk": 56, "fields": {"intent": 8, "text": "Vaca", "status": 1, "created_by": null, "last_modified_by": null, "created_at": "2019-04-27T01:40:11.934Z", "updated_at": "2019-04-27T01:40:11.953Z"}}, {"model": "application.elocution", "pk": 57, "fields": {"intent": 8, "text": "vadia", "status": 1, "created_by": null, "last_modified_by": null, "created_at": "2019-04-27T01:40:11.934Z", "updated_at": "2019-04-27T01:40:11.954Z"}}, {"model": "application.elocution", "pk": 58, "fields": {"intent": 8, "text": "vagabunda", "status": 1, "created_by": null, "last_modified_by": null, "created_at": "2019-04-27T01:40:11.934Z", "updated_at": "2019-04-27T01:40:11.955Z"}}, {"model": "application.elocution", "pk": 59, "fields": {"intent": 9, "text": "Entendi", "status": 1, "created_by": null, "last_modified_by": null, "created_at": "2019-04-27T01:43:11.258Z", "updated_at": "2019-04-27T01:43:11.264Z"}}, {"model": "application.elocution", "pk": 60, "fields": {"intent": 9, "text": "\u00c9 claro", "status": 1, "created_by": null, "last_modified_by": null, "created_at": "2019-04-27T01:43:11.259Z", "updated_at": "2019-04-27T01:43:11.267Z"}}, {"model": "application.elocution", "pk": 61, "fields": {"intent": 9, "text": "Agora eu entendi", "status": 1, "created_by": null, "last_modified_by": null, "created_at": "2019-04-27T01:43:11.259Z", "updated_at": "2019-04-27T01:43:11.268Z"}}, {"model": "application.elocution", "pk": 62, "fields": {"intent": 9, "text": "Entendido", "status": 1, "created_by": null, "last_modified_by": null, "created_at": "2019-04-27T01:43:11.259Z", "updated_at": "2019-04-27T01:43:11.269Z"}}, {"model": "application.elocution", "pk": 63, "fields": {"intent": 9, "text": "Compreendi", "status": 1, "created_by": null, "last_modified_by": null, "created_at": "2019-04-27T01:43:11.259Z", "updated_at": "2019-04-27T01:43:11.269Z"}}, {"model": "application.elocution", "pk": 64, "fields": {"intent": 9, "text": "Tudo bem ent\u00e3o", "status": 1, "created_by": null, "last_modified_by": null, "created_at": "2019-04-27T01:43:11.260Z", "updated_at": "2019-04-27T01:43:11.270Z"}}, {"model": "application.elocution", "pk": 65, "fields": {"intent": 9, "text": "Sim", "status": 1, "created_by": null, "last_modified_by": null, "created_at": "2019-04-27T01:43:11.260Z", "updated_at": "2019-04-27T01:43:11.271Z"}}, {"model": "application.elocution", "pk": 66, "fields": {"intent": 9, "text": "Que seja", "status": 1, "created_by": null, "last_modified_by": null, "created_at": "2019-04-27T01:43:11.260Z", "updated_at": "2019-04-27T01:43:11.272Z"}}, {"model": "application.elocution", "pk": 67, "fields": {"intent": 10, "text": "Voc\u00ea pode me ajudar?", "status": 1, "created_by": null, "last_modified_by": null, "created_at": "2019-04-27T01:44:48.651Z", "updated_at": "2019-04-27T01:44:48.657Z"}}, {"model": "application.elocution", "pk": 68, "fields": {"intent": 10, "text": "Voc\u00ea poderia me ajudar com uma coisa?", "status": 1, "created_by": null, "last_modified_by": null, "created_at": "2019-04-27T01:44:48.651Z", "updated_at": "2019-04-27T01:44:48.659Z"}}, {"model": "application.elocution", "pk": 69, "fields": {"intent": 10, "text": "Preciso muito da sua ajuda.", "status": 1, "created_by": null, "last_modified_by": null, "created_at": "2019-04-27T01:44:48.652Z", "updated_at": "2019-04-27T01:44:48.660Z"}}, {"model": "application.elocution", "pk": 70, "fields": {"intent": 10, "text": "Preciso que voc\u00ea me ajude.", "status": 1, "created_by": null, "last_modified_by": null, "created_at": "2019-04-27T01:44:48.652Z", "updated_at": "2019-04-27T01:44:48.661Z"}}, {"model": "application.elocution", "pk": 71, "fields": {"intent": 10, "text": "Acha que consegue me ajudar?", "status": 1, "created_by": null, "last_modified_by": null, "created_at": "2019-04-27T01:44:48.652Z", "updated_at": "2019-04-27T01:44:48.661Z"}}, {"model": "application.elocution", "pk": 72, "fields": {"intent": 10, "text": "Me ajuda?", "status": 1, "created_by": null, "last_modified_by": null, "created_at": "2019-04-27T01:44:48.652Z", "updated_at": "2019-04-27T01:44:48.662Z"}}, {"model": "application.elocution", "pk": 73, "fields": {"intent": 10, "text": "Preciso de um favor.", "status": 1, "created_by": null, "last_modified_by": null, "created_at": "2019-04-27T01:44:48.653Z", "updated_at": "2019-04-27T01:44:48.663Z"}}, {"model": "application.elocution", "pk": 74, "fields": {"intent": 11, "text": "Voc\u00ea \u00e9 demais!", "status": 1, "created_by": null, "last_modified_by": null, "created_at": "2019-04-27T01:46:29.465Z", "updated_at": "2019-04-27T01:46:29.470Z"}}, {"model": "application.elocution", "pk": 75, "fields": {"intent": 11, "text": "Voc\u00ea \u00e9 foda.", "status": 1, "created_by": null, "last_modified_by": null, "created_at": "2019-04-27T01:46:29.465Z", "updated_at": "2019-04-27T01:46:29.472Z"}}, {"model": "application.elocution", "pk": 76, "fields": {"intent": 11, "text": "Voc\u00ea \u00e9 muito fofa.", "status": 1, "created_by": null, "last_modified_by": null, "created_at": "2019-04-27T01:46:29.465Z", "updated_at": "2019-04-27T01:46:29.473Z"}}, {"model": "application.elocution", "pk": 77, "fields": {"intent": 11, "text": "Voc\u00ea \u00e9 incr\u00edvel.", "status": 1, "created_by": null, "last_modified_by": null, "created_at": "2019-04-27T01:46:29.466Z", "updated_at": "2019-04-27T01:46:29.474Z"}}, {"model": "application.elocution", "pk": 78, "fields": {"intent": 11, "text": "Voc\u00ea \u00e9 um espet\u00e1culo!", "status": 1, "created_by": null, "last_modified_by": null, "created_at": "2019-04-27T01:46:29.466Z", "updated_at": "2019-04-27T01:46:29.475Z"}}, {"model": "application.elocution", "pk": 79, "fields": {"intent": 11, "text": "Voc\u00ea \u00e9 muito legal", "status": 1, "created_by": null, "last_modified_by": null, "created_at": "2019-04-27T01:46:29.466Z", "updated_at": "2019-04-27T01:46:29.476Z"}}, {"model": "application.elocution", "pk": 80, "fields": {"intent": 12, "text": "Tudo bem?", "status": 1, "created_by": null, "last_modified_by": null, "created_at": "2019-04-27T01:47:50.033Z", "updated_at": "2019-04-27T01:47:50.037Z"}}, {"model": "application.elocution", "pk": 81, "fields": {"intent": 12, "text": "Como vai?", "status": 1, "created_by": null, "last_modified_by": null, "created_at": "2019-04-27T01:47:50.034Z", "updated_at": "2019-04-27T01:47:50.039Z"}}, {"model": "application.elocution", "pk": 82, "fields": {"intent": 12, "text": "Tudo certo?", "status": 1, "created_by": null, "last_modified_by": null, "created_at": "2019-04-27T01:47:50.034Z", "updated_at": "2019-04-27T01:47:50.040Z"}}, {"model": "application.elocution", "pk": 83, "fields": {"intent": 12, "text": "Voc\u00ea est\u00e1 bem?", "status": 1, "created_by": null, "last_modified_by": null, "created_at": "2019-04-27T01:47:50.034Z", "updated_at": "2019-04-27T01:47:50.041Z"}}, {"model": "application.elocution", "pk": 84, "fields": {"intent": 12, "text": "Tudo certinho?", "status": 1, "created_by": null, "last_modified_by": null, "created_at": "2019-04-27T01:47:50.035Z", "updated_at": "2019-04-27T01:47:50.041Z"}}, {"model": "application.elocution", "pk": 85, "fields": {"intent": 14, "text": "Obrigado", "status": 1, "created_by": null, "last_modified_by": null, "created_at": "2019-04-27T01:49:59.858Z", "updated_at": "2019-04-27T01:49:59.862Z"}}, {"model": "application.elocution", "pk": 86, "fields": {"intent": 14, "text": "Voc\u00ea me salvou", "status": 1, "created_by": null, "last_modified_by": null, "created_at": "2019-04-27T01:49:59.858Z", "updated_at": "2019-04-27T01:49:59.865Z"}}, {"model": "application.elocution", "pk": 87, "fields": {"intent": 14, "text": "Voc\u00ea salvou o meu dia", "status": 1, "created_by": null, "last_modified_by": null, "created_at": "2019-04-27T01:49:59.859Z", "updated_at": "2019-04-27T01:49:59.866Z"}}, {"model": "application.elocution", "pk": 88, "fields": {"intent": 14, "text": "Voc\u00ea salvou o dia", "status": 1, "created_by": null, "last_modified_by": null, "created_at": "2019-04-27T01:49:59.859Z", "updated_at": "2019-04-27T01:49:59.867Z"}}, {"model": "application.elocution", "pk": 89, "fields": {"intent": 14, "text": "Obrigado mais um vez", "status": 1, "created_by": null, "last_modified_by": null, "created_at": "2019-04-27T01:49:59.859Z", "updated_at": "2019-04-27T01:49:59.868Z"}}, {"model": "application.elocution", "pk": 90, "fields": {"intent": 15, "text": "O que \u00e9 voc\u00ea?", "status": 1, "created_by": null, "last_modified_by": null, "created_at": "2019-04-27T01:52:01.681Z", "updated_at": "2019-04-27T01:52:01.689Z"}}, {"model": "application.elocution", "pk": 91, "fields": {"intent": 15, "text": "Do que voc\u00ea \u00e9 feito?", "status": 1, "created_by": null, "last_modified_by": null, "created_at": "2019-04-27T01:52:01.681Z", "updated_at": "2019-04-27T01:52:01.691Z"}}, {"model": "application.elocution", "pk": 92, "fields": {"intent": 15, "text": "Qual tecnologia voc\u00ea usa?", "status": 1, "created_by": null, "last_modified_by": null, "created_at": "2019-04-27T01:52:01.681Z", "updated_at": "2019-04-27T01:52:01.692Z"}}, {"model": "application.elocution", "pk": 93, "fields": {"intent": 15, "text": "Voc\u00ea \u00e9 um rob\u00f4?", "status": 1, "created_by": null, "last_modified_by": null, "created_at": "2019-04-27T01:52:01.682Z", "updated_at": "2019-04-27T01:52:01.693Z"}}, {"model": "application.elocution", "pk": 94, "fields": {"intent": 15, "text": "Voc\u00ea \u00e9 um bot?", "status": 1, "created_by": null, "last_modified_by": null, "created_at": "2019-04-27T01:52:01.682Z", "updated_at": "2019-04-27T01:52:01.693Z"}}, {"model": "application.elocution", "pk": 95, "fields": {"intent": 15, "text": "Voc\u00ea \u00e9 um chatbot?", "status": 1, "created_by": null, "last_modified_by": null, "created_at": "2019-04-27T01:52:01.682Z", "updated_at": "2019-04-27T01:52:01.694Z"}}, {"model": "application.elocution", "pk": 96, "fields": {"intent": 15, "text": "Voc\u00ea \u00e9 um chat bot?", "status": 1, "created_by": null, "last_modified_by": null, "created_at": "2019-04-27T01:52:01.682Z", "updated_at": "2019-04-27T01:52:01.695Z"}}, {"model": "application.elocution", "pk": 97, "fields": {"intent": 15, "text": "Me fale sobre voc\u00ea", "status": 1, "created_by": null, "last_modified_by": null, "created_at": "2019-04-27T01:52:01.682Z", "updated_at": "2019-04-27T01:52:01.696Z"}}, {"model": "application.elocution", "pk": 98, "fields": {"intent": 15, "text": "Conte-me sua hist\u00f3ria", "status": 1, "created_by": null, "last_modified_by": null, "created_at": "2019-04-27T01:52:01.683Z", "updated_at": "2019-04-27T01:52:01.697Z"}}, {"model": "application.elocution", "pk": 99, "fields": {"intent": 15, "text": "Quero saber sobre voc\u00ea", "status": 1, "created_by": null, "last_modified_by": null, "created_at": "2019-04-27T01:52:01.683Z", "updated_at": "2019-04-27T01:52:01.698Z"}}, {"model": "application.elocution", "pk": 100, "fields": {"intent": 15, "text": "Me fale mais sobre sua constru\u00e7\u00e3o", "status": 1, "created_by": null, "last_modified_by": null, "created_at": "2019-04-27T01:52:01.683Z", "updated_at": "2019-04-27T01:52:01.703Z"}}, {"model": "application.elocution", "pk": 101, "fields": {"intent": 15, "text": "Me fale de voc\u00ea", "status": 1, "created_by": null, "last_modified_by": null, "created_at": "2019-04-27T01:52:01.683Z", "updated_at": "2019-04-27T01:52:01.704Z"}}, {"model": "application.elocution", "pk": 102, "fields": {"intent": 15, "text": "Me fale sobre voc\u00ea", "status": 1, "created_by": null, "last_modified_by": null, "created_at": "2019-04-27T01:52:01.684Z", "updated_at": "2019-04-27T01:52:01.705Z"}}, {"model": "application.elocution", "pk": 103, "fields": {"intent": 16, "text": "Qual \u00e9 o seu nome?", "status": 1, "created_by": null, "last_modified_by": null, "created_at": "2019-04-27T01:53:18.794Z", "updated_at": "2019-04-27T01:53:18.801Z"}}, {"model": "application.elocution", "pk": 104, "fields": {"intent": 16, "text": "Como voc\u00ea se chama?", "status": 1, "created_by": null, "last_modified_by": null, "created_at": "2019-04-27T01:53:18.795Z", "updated_at": "2019-04-27T01:53:18.804Z"}}, {"model": "application.elocution", "pk": 105, "fields": {"intent": 16, "text": "Sua gra\u00e7a \u00e9?", "status": 1, "created_by": null, "last_modified_by": null, "created_at": "2019-04-27T01:53:18.795Z", "updated_at": "2019-04-27T01:53:18.805Z"}}, {"model": "application.elocution", "pk": 106, "fields": {"intent": 16, "text": "Voc\u00ea se chama como?", "status": 1, "created_by": null, "last_modified_by": null, "created_at": "2019-04-27T01:53:18.795Z", "updated_at": "2019-04-27T01:53:18.806Z"}}, {"model": "application.elocution", "pk": 107, "fields": {"intent": 16, "text": "Desculpa, mas qual \u00e9 o seu nome?", "status": 1, "created_by": null, "last_modified_by": null, "created_at": "2019-04-27T01:53:18.795Z", "updated_at": "2019-04-27T01:53:18.807Z"}}, {"model": "application.elocution", "pk": 108, "fields": {"intent": 16, "text": "Qual \u00e9 mesmo o seu nome?", "status": 1, "created_by": null, "last_modified_by": null, "created_at": "2019-04-27T01:53:18.796Z", "updated_at": "2019-04-27T01:53:18.808Z"}}, {"model": "application.elocution", "pk": 109, "fields": {"intent": 16, "text": "Eu falo com quem mesmo?", "status": 1, "created_by": null, "last_modified_by": null, "created_at": "2019-04-27T01:53:18.796Z", "updated_at": "2019-04-27T01:53:18.809Z"}}, {"model": "application.elocution", "pk": 110, "fields": {"intent": 16, "text": "Com quem eu falo?", "status": 1, "created_by": null, "last_modified_by": null, "created_at": "2019-04-27T01:53:18.796Z", "updated_at": "2019-04-27T01:53:18.810Z"}}, {"model": "application.elocution", "pk": 111, "fields": {"intent": 17, "text": "Tchau", "status": 1, "created_by": null, "last_modified_by": null, "created_at": "2019-04-27T01:55:24.204Z", "updated_at": "2019-04-27T01:55:24.209Z"}}, {"model": "application.elocution", "pk": 112, "fields": {"intent": 17, "text": "Tchau tchau", "status": 1, "created_by": null, "last_modified_by": null, "created_at": "2019-04-27T01:55:24.204Z", "updated_at": "2019-04-27T01:55:24.212Z"}}, {"model": "application.elocution", "pk": 113, "fields": {"intent": 17, "text": "At\u00e9!", "status": 1, "created_by": null, "last_modified_by": null, "created_at": "2019-04-27T01:55:24.204Z", "updated_at": "2019-04-27T01:55:24.213Z"}}, {"model": "application.elocution", "pk": 114, "fields": {"intent": 17, "text": "At\u00e9 breve", "status": 1, "created_by": null, "last_modified_by": null, "created_at": "2019-04-27T01:55:24.205Z", "updated_at": "2019-04-27T01:55:24.214Z"}}, {"model": "application.elocution", "pk": 115, "fields": {"intent": 17, "text": "At\u00e9 outro dia", "status": 1, "created_by": null, "last_modified_by": null, "created_at": "2019-04-27T01:55:24.205Z", "updated_at": "2019-04-27T01:55:24.214Z"}}, {"model": "application.elocution", "pk": 116, "fields": {"intent": 17, "text": "At\u00e9 mais", "status": 1, "created_by": null, "last_modified_by": null, "created_at": "2019-04-27T01:55:24.205Z", "updated_at": "2019-04-27T01:55:24.215Z"}}, {"model": "application.elocution", "pk": 117, "fields": {"intent": 17, "text": "Adeus", "status": 1, "created_by": null, "last_modified_by": null, "created_at": "2019-04-27T01:55:24.205Z", "updated_at": "2019-04-27T01:55:24.216Z"}}, {"model": "application.elocution", "pk": 118, "fields": {"intent": 17, "text": "Valeu!", "status": 1, "created_by": null, "last_modified_by": null, "created_at": "2019-04-27T01:55:24.206Z", "updated_at": "2019-04-27T01:55:24.217Z"}}, {"model": "application.elocution", "pk": 119, "fields": {"intent": 18, "text": "Oi", "status": 1, "created_by": null, "last_modified_by": null, "created_at": "2019-04-27T01:56:18.933Z", "updated_at": "2019-04-27T01:56:18.936Z"}}, {"model": "application.elocution", "pk": 120, "fields": {"intent": 18, "text": "Ol\u00e1", "status": 1, "created_by": null, "last_modified_by": null, "created_at": "2019-04-27T01:56:18.933Z", "updated_at": "2019-04-27T01:56:18.939Z"}}, {"model": "application.elocution", "pk": 121, "fields": {"intent": 18, "text": "E a\u00ed?", "status": 1, "created_by": null, "last_modified_by": null, "created_at": "2019-04-27T01:56:18.933Z", "updated_at": "2019-04-27T01:56:18.940Z"}}, {"model": "application.elocution", "pk": 122, "fields": {"intent": 18, "text": "Fala a\u00ed!", "status": 1, "created_by": null, "last_modified_by": null, "created_at": "2019-04-27T01:56:18.934Z", "updated_at": "2019-04-27T01:56:18.941Z"}}, {"model": "application.elocution", "pk": 123, "fields": {"intent": null, "text": ":who_in_home_office:", "status": 1, "created_by": 1, "last_modified_by": 1, "created_at": "2019-04-27T02:12:39.560Z", "updated_at": "2019-04-27T02:20:03.683Z"}}, {"model": "application.elocution", "pk": 124, "fields": {"intent": null, "text": "Hoje \u00e9 :weekday:", "status": 1, "created_by": 1, "last_modified_by": 1, "created_at": "2019-04-27T02:15:17.992Z", "updated_at": "2019-04-27T02:18:10.661Z"}}, {"model": "application.elocution", "pk": 125, "fields": {"intent": null, "text": ":weekday:", "status": 1, "created_by": 1, "last_modified_by": 1, "created_at": "2019-04-27T02:15:33.401Z", "updated_at": "2019-04-27T02:17:47.389Z"}}, {"model": "application.elocution", "pk": 126, "fields": {"intent": null, "text": "No Rio, :weather_condition:. A temperatura m\u00e9dia \u00e9 de :weather_temperature:\u00ba com sensa\u00e7\u00e3o t\u00e9rmica de :weather_sensation:\u00ba.", "status": 1, "created_by": 1, "last_modified_by": 1, "created_at": "2019-04-27T02:21:41.207Z", "updated_at": "2019-04-27T02:21:41.207Z"}}, {"model": "application.elocution", "pk": 127, "fields": {"intent": null, "text": "A data de hoje \u00e9 :date:", "status": 1, "created_by": 1, "last_modified_by": 1, "created_at": "2019-04-27T02:22:34.976Z", "updated_at": "2019-04-27T02:22:34.976Z"}}, {"model": "application.elocution", "pk": 128, "fields": {"intent": null, "text": ":date:", "status": 1, "created_by": 1, "last_modified_by": 1, "created_at": "2019-04-27T02:22:47.264Z", "updated_at": "2019-04-27T02:22:47.265Z"}}, {"model": "application.elocution", "pk": 129, "fields": {"intent": null, "text": "Hoje \u00e9 :date:", "status": 1, "created_by": 1, "last_modified_by": 1, "created_at": "2019-04-27T02:22:57.236Z", "updated_at": "2019-04-27T02:22:57.236Z"}}, {"model": "application.elocution", "pk": 130, "fields": {"intent": null, "text": ":time:", "status": 1, "created_by": 1, "last_modified_by": 1, "created_at": "2019-04-27T02:23:36.517Z", "updated_at": "2019-04-27T02:23:36.518Z"}}, {"model": "application.elocution", "pk": 131, "fields": {"intent": null, "text": "Acho melhor falarmos de outro assunto, que tal?", "status": 1, "created_by": 1, "last_modified_by": 1, "created_at": "2019-04-27T02:24:18.105Z", "updated_at": "2019-04-27T02:24:18.105Z"}}, {"model": "application.elocution", "pk": 132, "fields": {"intent": null, "text": "Boa pergunta... Ser\u00e1 que conto em bits, bytes ou segundos... N\u00e3o sei.", "status": 1, "created_by": 1, "last_modified_by": 1, "created_at": "2019-04-27T02:25:29.986Z", "updated_at": "2019-04-27T02:26:47.722Z"}}, {"model": "application.elocution", "pk": 133, "fields": {"intent": null, "text": "Me chamo Juddith", "status": 1, "created_by": 1, "last_modified_by": 1, "created_at": "2019-04-27T02:28:11.801Z", "updated_at": "2019-04-27T02:28:11.802Z"}}, {"model": "application.elocution", "pk": 134, "fields": {"intent": null, "text": "Juddith", "status": 1, "created_by": 1, "last_modified_by": 1, "created_at": "2019-04-27T02:28:17.054Z", "updated_at": "2019-04-27T02:28:17.055Z"}}, {"model": "application.elocution", "pk": 135, "fields": {"intent": null, "text": "Desculpe, mas eu n\u00e3o sei responder a isso.", "status": 1, "created_by": 1, "last_modified_by": 1, "created_at": "2019-04-27T02:29:11.269Z", "updated_at": "2019-04-27T02:29:11.269Z"}}, {"model": "application.elocution", "pk": 136, "fields": {"intent": null, "text": "Isso n\u00e3o parece apropriado.", "status": 1, "created_by": 1, "last_modified_by": 1, "created_at": "2019-04-27T02:29:24.156Z", "updated_at": "2019-04-27T02:29:24.156Z"}}, {"model": "application.elocution", "pk": 137, "fields": {"intent": null, "text": "Prefiro n\u00e3o responder a isso.", "status": 1, "created_by": 1, "last_modified_by": 1, "created_at": "2019-04-27T02:29:36.344Z", "updated_at": "2019-04-27T02:29:36.345Z"}}, {"model": "application.elocution", "pk": 138, "fields": {"intent": null, "text": "Vamos l\u00e1. No que mais posso te ajudar?", "status": 1, "created_by": 1, "last_modified_by": 1, "created_at": "2019-04-27T02:31:08.620Z", "updated_at": "2019-04-27T02:31:08.620Z"}}, {"model": "application.elocution", "pk": 139, "fields": {"intent": null, "text": "Em que mais eu posso ser \u00fatil?", "status": 1, "created_by": 1, "last_modified_by": 1, "created_at": "2019-04-27T02:31:18.589Z", "updated_at": "2019-04-27T02:31:18.590Z"}}, {"model": "application.elocution", "pk": 140, "fields": {"intent": null, "text": "Claro. Estou aqui para isso.", "status": 1, "created_by": 1, "last_modified_by": 1, "created_at": "2019-04-27T02:32:52.533Z", "updated_at": "2019-04-27T02:32:52.534Z"}}, {"model": "application.elocution", "pk": 141, "fields": {"intent": null, "text": "Claro.", "status": 1, "created_by": 1, "last_modified_by": 1, "created_at": "2019-04-27T02:33:00.153Z", "updated_at": "2019-04-27T02:33:00.153Z"}}, {"model": "application.elocution", "pk": 142, "fields": {"intent": null, "text": "Ah! Obrigada.", "status": 1, "created_by": 1, "last_modified_by": 1, "created_at": "2019-04-27T02:33:25.608Z", "updated_at": "2019-04-27T02:33:25.609Z"}}, {"model": "application.elocution", "pk": 143, "fields": {"intent": null, "text": "Voc\u00ea que \u00e9 demais.", "status": 1, "created_by": 1, "last_modified_by": 1, "created_at": "2019-04-27T02:33:33.924Z", "updated_at": "2019-04-27T02:33:33.924Z"}}, {"model": "application.elocution", "pk": 144, "fields": {"intent": null, "text": "Assim eu fico sem gra\u00e7a! ;)", "status": 1, "created_by": 1, "last_modified_by": 1, "created_at": "2019-04-27T02:33:42.467Z", "updated_at": "2019-04-27T02:33:42.467Z"}}, {"model": "application.elocution", "pk": 145, "fields": {"intent": null, "text": "Muito obrigada.", "status": 1, "created_by": 1, "last_modified_by": 1, "created_at": "2019-04-27T02:33:51.147Z", "updated_at": "2019-04-27T02:33:51.147Z"}}, {"model": "application.elocution", "pk": 146, "fields": {"intent": null, "text": "Voc\u00ea \u00e9 um(a) fofo(a).", "status": 1, "created_by": 1, "last_modified_by": 1, "created_at": "2019-04-27T02:33:58.934Z", "updated_at": "2019-04-27T02:33:58.935Z"}}, {"model": "application.elocution", "pk": 147, "fields": {"intent": null, "text": "Estou bem.", "status": 1, "created_by": 1, "last_modified_by": 1, "created_at": "2019-04-27T02:34:55.649Z", "updated_at": "2019-04-27T02:34:55.650Z"}}, {"model": "application.elocution", "pk": 148, "fields": {"intent": null, "text": "Vou muito bem.", "status": 1, "created_by": 1, "last_modified_by": 1, "created_at": "2019-04-27T02:35:04.004Z", "updated_at": "2019-04-27T02:35:04.005Z"}}, {"model": "application.elocution", "pk": 149, "fields": {"intent": null, "text": "Vou bem. Obrigada por perguntar.", "status": 1, "created_by": 1, "last_modified_by": 1, "created_at": "2019-04-27T02:35:12.585Z", "updated_at": "2019-04-27T02:35:12.586Z"}}, {"model": "application.elocution", "pk": 150, "fields": {"intent": null, "text": "Desculpe. Eu n\u00e3o sei como responder a isso.", "status": 1, "created_by": 1, "last_modified_by": 1, "created_at": "2019-04-27T02:36:04.999Z", "updated_at": "2019-04-27T02:36:04.999Z"}}, {"model": "application.elocution", "pk": 151, "fields": {"intent": null, "text": "Ah! Infelizmente ainda n\u00e3o sei nada sobre isso.", "status": 1, "created_by": 1, "last_modified_by": 1, "created_at": "2019-04-27T02:36:13.503Z", "updated_at": "2019-04-27T02:36:13.503Z"}}, {"model": "application.elocution", "pk": 152, "fields": {"intent": null, "text": "Voc\u00ea \u00e9 sempre bem-vindo(a).", "status": 1, "created_by": 1, "last_modified_by": 1, "created_at": "2019-04-27T02:36:52.474Z", "updated_at": "2019-04-27T02:36:52.474Z"}}, {"model": "application.elocution", "pk": 153, "fields": {"intent": null, "text": "N\u00e3o tem de qu\u00ea.", "status": 1, "created_by": 1, "last_modified_by": 1, "created_at": "2019-04-27T02:37:00.964Z", "updated_at": "2019-04-27T02:37:00.964Z"}}, {"model": "application.elocution", "pk": 154, "fields": {"intent": null, "text": "Estamos aqui para isso :)", "status": 1, "created_by": 1, "last_modified_by": 1, "created_at": "2019-04-27T02:37:09.622Z", "updated_at": "2019-04-27T02:37:09.622Z"}}, {"model": "application.elocution", "pk": 155, "fields": {"intent": null, "text": "Sou uma atendente virtual desenvolvida em Python com t\u00e9cnicas de Machine Learning. Sou dotada de uma rede neural artificial que me ajuda a te entender e te responder adequadamente.", "status": 1, "created_by": 1, "last_modified_by": 1, "created_at": "2019-04-27T02:38:00.324Z", "updated_at": "2019-04-27T02:38:00.324Z"}}, {"model": "application.elocution", "pk": 156, "fields": {"intent": null, "text": "Tchau.", "status": 1, "created_by": 1, "last_modified_by": 1, "created_at": "2019-04-27T02:39:10.656Z", "updated_at": "2019-04-27T02:39:10.656Z"}}, {"model": "application.elocution", "pk": 157, "fields": {"intent": null, "text": "Tchau tchau!", "status": 1, "created_by": 1, "last_modified_by": 1, "created_at": "2019-04-27T02:39:20.041Z", "updated_at": "2019-04-27T02:39:20.041Z"}}, {"model": "application.elocution", "pk": 158, "fields": {"intent": null, "text": "At\u00e9 breve.", "status": 1, "created_by": 1, "last_modified_by": 1, "created_at": "2019-04-27T02:39:29.078Z", "updated_at": "2019-04-27T02:39:29.078Z"}}, {"model": "application.elocution", "pk": 159, "fields": {"intent": null, "text": "At\u00e9 outro dia.", "status": 1, "created_by": 1, "last_modified_by": 1, "created_at": "2019-04-27T02:39:37.134Z", "updated_at": "2019-04-27T02:39:37.135Z"}}, {"model": "application.elocution", "pk": 160, "fields": {"intent": null, "text": "At\u00e9 mais.", "status": 1, "created_by": 1, "last_modified_by": 1, "created_at": "2019-04-27T02:39:43.943Z", "updated_at": "2019-04-27T02:39:43.944Z"}}, {"model": "application.elocution", "pk": 161, "fields": {"intent": null, "text": "Adeus.", "status": 1, "created_by": 1, "last_modified_by": 1, "created_at": "2019-04-27T02:40:01.907Z", "updated_at": "2019-04-27T02:40:01.908Z"}}, {"model": "application.elocution", "pk": 162, "fields": {"intent": null, "text": "Oi.", "status": 1, "created_by": 1, "last_modified_by": 1, "created_at": "2019-04-27T02:40:43.490Z", "updated_at": "2019-04-27T02:40:43.491Z"}}, {"model": "application.elocution", "pk": 163, "fields": {"intent": null, "text": "Ol\u00e1!", "status": 1, "created_by": 1, "last_modified_by": 1, "created_at": "2019-04-27T02:40:48.645Z", "updated_at": "2019-04-27T02:40:48.646Z"}}, {"model": "application.elocution", "pk": 164, "fields": {"intent": null, "text": "Eu sei:\r\n\r\n:chat_bot_can:", "status": 1, "created_by": 1, "last_modified_by": 1, "created_at": "2019-04-27T03:39:35.044Z", "updated_at": "2019-04-27T03:45:59.025Z"}}, {"model": "application.elocution", "pk": 165, "fields": {"intent": 19, "text": "O que voc\u00ea sabe fazer?", "status": 1, "created_by": null, "last_modified_by": null, "created_at": "2019-04-27T03:39:42.206Z", "updated_at": "2019-04-27T03:39:42.210Z"}}, {"model": "application.elocution", "pk": 166, "fields": {"intent": 19, "text": "Voc\u00ea sabe?", "status": 1, "created_by": null, "last_modified_by": null, "created_at": "2019-04-27T03:39:42.207Z", "updated_at": "2019-04-27T03:39:42.219Z"}}, {"model": "application.elocution", "pk": 167, "fields": {"intent": 19, "text": "O que voc\u00ea faz?", "status": 1, "created_by": null, "last_modified_by": null, "created_at": "2019-04-27T03:39:42.207Z", "updated_at": "2019-04-27T03:39:42.220Z"}}, {"model": "application.elocution", "pk": 168, "fields": {"intent": 19, "text": "O que voc\u00ea pode fazer?", "status": 1, "created_by": null, "last_modified_by": null, "created_at": "2019-04-27T03:39:42.207Z", "updated_at": "2019-04-27T03:39:42.221Z"}}, {"model": "application.elocution", "pk": 169, "fields": {"intent": 3, "text": "Quais s\u00e3o as condi\u00e7\u00f5es clim\u00e1ticas?", "status": 1, "created_by": null, "last_modified_by": null, "created_at": "2019-04-27T03:52:02.796Z", "updated_at": "2019-04-27T03:52:02.822Z"}}, {"model": "application.elocution", "pk": 170, "fields": {"intent": 3, "text": "Me fale sobre as condi\u00e7\u00f5es clim\u00e1ticas", "status": 1, "created_by": null, "last_modified_by": null, "created_at": "2019-04-27T04:00:30.341Z", "updated_at": "2019-04-27T04:00:30.369Z"}}, {"model": "application.elocution", "pk": 171, "fields": {"intent": 3, "text": "Conte-me sobre as condi\u00e7\u00f5es do clima", "status": 1, "created_by": null, "last_modified_by": null, "created_at": "2019-04-27T04:00:30.341Z", "updated_at": "2019-04-27T04:00:30.372Z"}}, {"model": "application.feature", "pk": 1, "fields": {"name": "Processamento de trabalho remoto", "description": "", "call": "JFWhoInHomeOffice", "error_message": "N\u00e3o consegui descobrir isso. Me lembre de tentar novamente outra hora.", "empty_message": "At\u00e9 o momento, n\u00e3o h\u00e1 ningu\u00e9m agendado.", "status": 1, "created_by": 1, "last_modified_by": 1, "created_at": "2019-04-27T02:41:45.965Z", "updated_at": "2019-04-27T03:37:00.224Z"}}, {"model": "application.feature", "pk": 2, "fields": {"name": "Processamento de condi\u00e7\u00f5es clim\u00e1ticas", "description": "", "call": "JFWhatWeatherNow", "error_message": "N\u00e3o consegui descobrir isso. Me lembre de tentar novamente outra hora.", "empty_message": null, "status": 1, "created_by": 1, "last_modified_by": 1, "created_at": "2019-04-27T02:42:09.107Z", "updated_at": "2019-04-27T02:42:09.108Z"}}, {"model": "application.feature", "pk": 3, "fields": {"name": "Processamento de data e hora", "description": "", "call": "JFWhatDateTimeNow", "error_message": null, "empty_message": null, "status": 1, "created_by": 1, "last_modified_by": 1, "created_at": "2019-04-27T02:42:23.458Z", "updated_at": "2019-04-27T02:42:23.459Z"}}, {"model": "application.feature", "pk": 4, "fields": {"name": "Processamento de recursos do chatbot", "description": "", "call": "JFWhatChatBotFeatures", "error_message": null, "empty_message": null, "status": 1, "created_by": 1, "last_modified_by": 1, "created_at": "2019-04-27T03:36:46.833Z", "updated_at": "2019-04-27T03:40:24.133Z"}}]